reading_id,timestamp,container_id,anomaly_type,anomaly_score,dominant_freq_hz,rms_energy,zero_crossing_rate,mel_band_50_db,mel_band_100_db,node_id,temperature_c,alert_status
ACU-000001,2026-03-30 16:00:00,MSCU-9820791,none,0.14,289.1,0.095,7.1,-56.7,-36.7,IN-MUM,3.9,warning
ACU-000002,2026-02-05 02:00:00,MSCU-1059145,none,0.205,249.1,0.2,17.4,-44.4,-40.6,IN-KOL,5.0,normal
ACU-000003,2026-04-09 12:00:00,MSCU-8886179,none,0.162,218.9,0.224,13.5,-66.0,-56.4,MY-PTG,5.2,normal
ACU-000004,2026-02-16 05:00:00,MSCU-1228831,none,0.317,103.6,0.204,12.1,-41.1,-59.1,IN-BLR,5.2,normal
ACU-000005,2026-01-21 20:00:00,MSCU-2501037,none,0.085,270.3,0.062,16.0,-43.5,-44.8,LK-CMB,2.4,normal
ACU-000006,2026-02-18 22:00:00,MSCU-5519286,none,0.03,283.5,0.076,8.9,-47.5,-47.5,LK-CMB,7.6,critical
ACU-000007,2026-03-16 12:00:00,MSCU-6813611,none,0.133,233.3,0.27,17.1,-64.6,-55.2,IN-DEL,6.8,warning
ACU-000008,2026-03-29 08:00:00,MSCU-5521644,none,0.169,68.8,0.054,16.0,-50.2,-54.7,CN-SHA,3.4,warning
ACU-000009,2026-02-22 17:00:00,MSCU-7545212,none,0.069,170.9,0.179,21.7,-47.4,-57.3,CN-NGB,5.0,normal
ACU-000010,2026-04-27 10:00:00,MSCU-5552172,none,0.025,198.5,0.115,9.9,-63.6,-43.5,JP-YOK,6.1,critical
ACU-000011,2026-01-30 01:00:00,MSCU-5020202,none,0.295,73.7,0.192,12.2,-44.7,-59.3,IN-KOL,7.9,critical
ACU-000012,2026-01-03 15:00:00,MSCU-9063638,none,0.329,293.1,0.183,13.1,-52.1,-42.9,IN-GAU,4.7,normal
ACU-000013,2026-03-31 21:00:00,MSCU-2154574,refrigeration_failure,0.878,471.4,0.85,95.2,-23.7,-29.3,JP-YOK,2.9,critical
ACU-000014,2026-04-26 12:00:00,MSCU-9009938,none,0.228,177.8,0.175,10.3,-63.4,-59.7,CN-SHA,6.5,critical
ACU-000015,2026-04-04 06:00:00,MSCU-3854054,refrigeration_failure,0.922,888.4,0.84,158.4,-31.4,-23.7,IN-KOC,7.5,normal
ACU-000016,2026-01-05 17:00:00,MSCU-5748950,tamper_detected,0.832,834.1,0.675,135.2,-23.0,-34.1,IN-KOL,7.5,normal
ACU-000017,2026-03-09 19:00:00,MSCU-7317053,none,0.274,68.2,0.276,10.2,-57.7,-38.6,IN-KOL,5.1,warning
ACU-000018,2026-02-08 06:00:00,MSCU-3633276,none,0.338,112.2,0.287,23.6,-66.8,-58.6,IN-MUN,4.7,warning
ACU-000019,2026-02-05 14:00:00,MSCU-4154697,none,0.02,61.0,0.222,19.2,-68.7,-52.9,IN-MUN,7.0,warning
ACU-000020,2026-04-04 20:00:00,MSCU-1216324,none,0.154,117.7,0.223,24.2,-50.7,-56.0,IN-PAR,7.7,normal
ACU-000021,2026-03-09 12:00:00,MSCU-2501037,none,0.262,108.4,0.186,11.7,-66.4,-46.2,LK-CMB,4.4,normal
ACU-000022,2026-01-23 23:00:00,MSCU-2731407,none,0.085,171.4,0.052,29.2,-53.6,-45.4,IN-AMD,4.8,normal
ACU-000023,2026-04-19 16:00:00,MSCU-6417341,none,0.184,205.4,0.084,18.1,-61.3,-52.2,IN-COK,5.0,normal
ACU-000024,2026-04-24 00:00:00,MSCU-7678047,none,0.345,62.8,0.085,25.4,-46.5,-49.0,JP-YOK,7.4,normal
ACU-000025,2026-03-04 21:00:00,MSCU-2607874,none,0.276,212.3,0.26,9.7,-41.7,-64.2,US-LAX,3.2,normal
ACU-000026,2026-04-20 12:00:00,MSCU-7678047,none,0.096,252.0,0.121,27.9,-53.4,-63.3,IN-VIZ,3.2,warning
ACU-000027,2026-03-13 18:00:00,MSCU-2977069,seal_broken,0.92,2534.1,0.627,109.9,-10.2,-31.7,IN-BLR,5.0,normal
ACU-000028,2026-01-23 08:00:00,MSCU-9063638,none,0.269,93.5,0.116,26.4,-58.3,-39.2,NL-RTM,7.9,normal
ACU-000029,2026-01-16 21:00:00,MSCU-7717140,none,0.299,218.5,0.168,25.7,-41.9,-37.2,MY-PTG,4.8,normal
ACU-000030,2026-04-06 14:00:00,MSCU-1498984,none,0.141,93.0,0.083,24.4,-59.0,-57.6,IN-MUM,4.4,critical
ACU-000031,2026-04-21 06:00:00,MSCU-9303351,none,0.004,164.4,0.139,25.4,-69.9,-51.6,IN-PUN,4.6,critical
ACU-000032,2026-01-03 18:00:00,MSCU-7101757,none,0.137,169.6,0.171,6.3,-42.0,-51.6,IN-DEL,2.1,normal
ACU-000033,2026-03-07 22:00:00,MSCU-8264610,none,0.219,105.5,0.214,6.5,-60.6,-44.2,IN-TUT,4.2,warning
ACU-000034,2026-01-06 21:00:00,MSCU-6206423,none,0.306,79.6,0.105,22.4,-41.1,-48.6,CN-SZX,6.8,critical
ACU-000035,2026-02-18 20:00:00,MSCU-1506128,none,0.126,238.0,0.187,28.9,-47.7,-60.3,US-LAX,3.6,warning
ACU-000036,2026-03-26 02:00:00,MSCU-6417341,none,0.138,191.9,0.271,24.0,-46.5,-59.0,CN-SHA,3.9,warning
ACU-000037,2026-04-24 01:00:00,MSCU-2157484,structural_stress,0.922,2650.3,0.762,178.1,-38.1,-22.6,NL-RTM,2.4,normal
ACU-000038,2026-02-28 15:00:00,MSCU-6417341,none,0.188,151.8,0.137,9.7,-65.1,-55.2,US-NYC,7.2,warning
ACU-000039,2026-02-23 09:00:00,MSCU-6531794,none,0.256,282.4,0.194,25.3,-60.7,-42.7,IN-MUN,4.6,warning
ACU-000040,2026-03-08 21:00:00,MSCU-8214394,none,0.175,265.7,0.279,9.8,-45.9,-38.1,SG-SIN,7.2,normal
ACU-000041,2026-01-04 22:00:00,MSCU-6540015,none,0.183,115.1,0.226,23.1,-60.6,-44.5,IN-HYD,6.6,critical
ACU-000042,2026-01-20 14:00:00,MSCU-7065435,none,0.069,56.9,0.056,18.1,-41.3,-60.9,IN-PUN,4.0,warning
ACU-000043,2026-04-17 22:00:00,MSCU-5748950,cargo_shift,0.92,1059.6,0.944,111.1,-38.6,-24.1,CN-NGB,6.0,normal
ACU-000044,2026-03-18 00:00:00,MSCU-1216324,none,0.272,59.7,0.273,12.7,-41.2,-45.5,IN-TUT,2.6,normal
ACU-000045,2026-02-22 17:00:00,MSCU-2157484,none,0.299,258.2,0.066,15.9,-57.3,-43.7,IN-MUM,6.5,critical
ACU-000046,2026-04-26 04:00:00,MSCU-5020202,none,0.124,64.4,0.224,18.8,-52.8,-44.2,IN-KND,4.5,warning
ACU-000047,2026-04-07 08:00:00,MSCU-9373326,tamper_detected,0.811,847.7,0.959,144.3,-31.5,-28.0,DE-HAM,2.3,critical
ACU-000048,2026-04-08 01:00:00,MSCU-5062082,none,0.032,282.7,0.089,17.7,-64.3,-56.1,IN-HYD,3.2,critical
ACU-000049,2026-02-02 16:00:00,MSCU-3633276,none,0.1,249.4,0.093,20.7,-41.4,-62.0,IN-MUM,4.7,warning
ACU-000050,2026-01-25 13:00:00,MSCU-6206423,none,0.131,282.3,0.096,14.8,-47.9,-56.6,JP-YOK,7.4,critical
ACU-000051,2026-03-28 00:00:00,MSCU-5020202,none,0.183,178.4,0.11,12.5,-68.1,-43.6,SG-SIN,5.9,critical
ACU-000052,2026-01-22 23:00:00,MSCU-4122844,none,0.334,91.0,0.068,15.9,-57.1,-39.9,IN-CHN,6.4,normal
ACU-000053,2026-02-03 04:00:00,MSCU-7101757,none,0.028,93.7,0.108,19.6,-47.0,-35.2,US-NYC,4.0,normal
ACU-000054,2026-01-08 05:00:00,MSCU-5793405,none,0.345,174.7,0.163,29.6,-56.7,-44.2,JP-YOK,5.4,normal
ACU-000055,2026-04-03 22:00:00,MSCU-1059145,none,0.102,188.6,0.145,14.3,-61.1,-47.1,DE-HAM,4.4,normal
ACU-000056,2026-01-09 23:00:00,MSCU-5793405,none,0.061,208.2,0.083,21.2,-45.7,-62.3,IN-MUN,5.4,normal
ACU-000057,2026-03-22 20:00:00,MSCU-1151797,none,0.223,94.6,0.281,17.5,-49.2,-35.4,IN-HAZ,3.7,warning
ACU-000058,2026-04-21 04:00:00,MSCU-6243426,none,0.081,54.7,0.213,17.1,-64.9,-57.1,IN-PAR,7.3,warning
ACU-000059,2026-02-15 11:00:00,MSCU-7523748,none,0.203,132.4,0.285,11.8,-60.6,-44.3,JP-YOK,2.2,critical
ACU-000060,2026-01-21 08:00:00,MSCU-1228831,none,0.027,281.7,0.232,23.5,-46.6,-63.4,IN-DEL,6.2,critical
ACU-000061,2026-01-01 08:00:00,MSCU-7621168,none,0.346,275.0,0.076,16.4,-42.5,-64.0,IN-BLR,4.3,normal
ACU-000062,2026-04-04 00:00:00,MSCU-8403564,none,0.214,210.1,0.159,12.5,-64.5,-36.9,TH-LCH,2.8,critical
ACU-000063,2026-02-07 12:00:00,MSCU-5062082,none,0.202,237.1,0.258,10.0,-66.9,-48.9,IN-PUN,7.9,warning
ACU-000064,2026-03-10 02:00:00,MSCU-8121127,none,0.069,166.4,0.138,18.8,-64.9,-44.7,IN-MUN,2.0,warning
ACU-000065,2026-04-11 18:00:00,MSCU-5748950,none,0.053,105.5,0.123,19.6,-56.5,-54.3,CN-SHA,5.1,critical
ACU-000066,2026-04-23 13:00:00,MSCU-6176201,none,0.009,238.6,0.14,22.5,-58.9,-57.5,IN-KOL,4.3,normal
ACU-000067,2026-01-18 15:00:00,MSCU-6176201,none,0.065,262.9,0.16,10.5,-56.4,-48.7,IN-CHN,7.2,normal
ACU-000068,2026-02-19 20:00:00,MSCU-7101757,none,0.307,230.4,0.224,25.9,-58.6,-49.1,NL-RTM,3.3,normal
ACU-000069,2026-01-18 14:00:00,MSCU-9009938,none,0.092,119.8,0.175,14.4,-47.2,-35.5,IN-JNPT,5.2,normal
ACU-000070,2026-03-18 07:00:00,MSCU-7178769,none,0.297,278.0,0.254,20.3,-55.6,-56.0,DE-HAM,5.0,normal
ACU-000071,2026-03-16 05:00:00,MSCU-5020202,none,0.182,213.1,0.102,10.4,-47.4,-64.4,ZA-DUR,5.9,normal
ACU-000072,2026-04-20 19:00:00,MSCU-9214772,none,0.127,182.5,0.268,17.3,-65.2,-43.3,IN-HYD,4.0,critical
ACU-000073,2026-03-04 12:00:00,MSCU-9298985,refrigeration_failure,0.735,2677.3,0.658,60.6,-39.3,-7.7,IN-VIZ,3.5,normal
ACU-000074,2026-01-21 20:00:00,MSCU-9481930,none,0.235,174.8,0.222,24.1,-61.5,-57.0,IN-TUT,7.6,normal
ACU-000075,2026-03-27 13:00:00,MSCU-3430254,none,0.064,272.6,0.124,21.2,-55.4,-55.0,IN-GAU,7.0,normal
ACU-000076,2026-02-16 02:00:00,MSCU-5552172,none,0.201,226.3,0.211,19.4,-63.2,-53.0,IN-HYD,3.2,critical
ACU-000077,2026-01-10 12:00:00,MSCU-5062082,none,0.346,257.7,0.219,26.5,-41.3,-53.5,ZA-DUR,7.0,normal
ACU-000078,2026-04-27 11:00:00,MSCU-7065435,cargo_shift,0.873,1845.0,0.959,156.9,-35.5,-25.7,IN-JNPT,4.1,normal
ACU-000079,2026-04-15 21:00:00,MSCU-4154697,none,0.101,103.9,0.133,6.0,-44.5,-47.4,IN-BLR,5.4,normal
ACU-000080,2026-04-10 02:00:00,MSCU-7678047,none,0.086,189.3,0.141,15.2,-63.4,-58.8,SG-SIN,3.1,warning
ACU-000081,2026-04-30 16:00:00,MSCU-4966023,structural_stress,0.965,1011.8,0.719,88.5,-15.6,-13.7,IN-DEL,7.7,normal
ACU-000082,2026-01-09 15:00:00,MSCU-4451663,none,0.333,290.6,0.281,10.5,-64.9,-47.2,JP-YOK,4.8,normal
ACU-000083,2026-01-28 11:00:00,MSCU-8403564,none,0.334,55.1,0.218,19.9,-47.4,-47.2,US-NYC,5.8,warning
ACU-000084,2026-02-16 14:00:00,MSCU-2607874,none,0.003,183.3,0.081,7.7,-69.0,-37.2,TH-LCH,3.7,normal
ACU-000085,2026-03-09 18:00:00,MSCU-1059145,none,0.045,59.5,0.083,29.7,-42.3,-41.9,US-LAX,3.4,normal
ACU-000086,2026-03-21 08:00:00,MSCU-7717140,none,0.24,212.5,0.152,11.5,-49.4,-49.6,TH-LCH,4.0,normal
ACU-000087,2026-02-13 13:00:00,MSCU-6206423,none,0.274,227.5,0.064,28.8,-65.0,-49.7,AE-DXB,6.7,normal
ACU-000088,2026-02-03 03:00:00,MSCU-7717140,none,0.239,104.5,0.148,22.5,-60.6,-60.8,DE-HAM,5.8,critical
ACU-000089,2026-04-12 22:00:00,MSCU-3430254,none,0.343,272.2,0.22,23.5,-49.5,-63.7,IN-PUN,2.8,normal
ACU-000090,2026-01-04 14:00:00,MSCU-4154697,none,0.179,289.1,0.134,10.6,-47.2,-41.8,DE-HAM,2.0,normal
ACU-000091,2026-04-04 21:00:00,MSCU-8501515,none,0.022,200.9,0.069,14.6,-54.7,-54.4,IN-MUN,5.0,normal
ACU-000092,2026-04-21 19:00:00,MSCU-2731407,none,0.294,226.3,0.102,15.4,-52.0,-41.2,US-NYC,7.1,normal
ACU-000093,2026-01-23 20:00:00,MSCU-4891129,none,0.154,188.1,0.178,18.7,-40.4,-59.7,IN-AMD,2.5,critical
ACU-000094,2026-04-24 19:00:00,MSCU-1506128,none,0.007,212.3,0.237,8.9,-69.3,-50.3,IN-CHN,5.0,normal
ACU-000095,2026-02-08 02:00:00,MSCU-5552172,none,0.211,65.0,0.17,21.8,-44.1,-42.1,AE-DXB,2.4,critical
ACU-000096,2026-01-02 21:00:00,MSCU-8501515,none,0.314,257.4,0.064,27.7,-68.8,-47.3,LK-CMB,3.3,critical
ACU-000097,2026-01-14 11:00:00,MSCU-5062082,none,0.042,98.5,0.176,14.4,-58.4,-50.7,ZA-DUR,4.1,warning
ACU-000098,2026-04-08 06:00:00,MSCU-8121127,none,0.049,96.3,0.16,27.8,-41.7,-38.3,IN-JNPT,3.3,warning
ACU-000099,2026-04-09 20:00:00,MSCU-8403564,none,0.101,273.2,0.114,20.2,-69.5,-45.0,US-NYC,3.1,normal
ACU-000100,2026-01-29 18:00:00,MSCU-6417341,none,0.1,194.5,0.254,9.6,-59.7,-56.3,IN-DEL,4.8,normal
ACU-000101,2026-01-15 20:00:00,MSCU-7101757,none,0.008,111.6,0.089,19.8,-53.5,-40.7,IN-TUT,2.7,critical
ACU-000102,2026-04-04 18:00:00,MSCU-6813611,refrigeration_failure,0.655,2500.4,0.8,163.3,-28.9,-6.9,IN-COK,6.0,normal
ACU-000103,2026-02-14 08:00:00,MSCU-7065435,none,0.271,95.1,0.17,16.5,-41.8,-41.3,CN-NGB,6.9,warning
ACU-000104,2026-04-17 10:00:00,MSCU-9298985,none,0.227,100.8,0.057,24.9,-54.5,-47.0,IN-HYD,7.2,normal
ACU-000105,2026-04-11 00:00:00,MSCU-9379725,none,0.133,73.8,0.2,22.8,-67.4,-48.1,IN-MUN,6.6,critical
ACU-000106,2026-03-01 18:00:00,MSCU-5519286,none,0.241,177.7,0.261,8.2,-43.1,-39.3,IN-AMD,5.5,normal
ACU-000107,2026-02-13 23:00:00,MSCU-8214394,none,0.194,270.8,0.111,16.1,-49.5,-63.2,IN-CHN,2.9,normal
ACU-000108,2026-04-16 22:00:00,MSCU-1151797,none,0.144,235.6,0.145,10.0,-44.0,-40.9,CN-NGB,6.9,normal
ACU-000109,2026-04-28 13:00:00,MSCU-7101757,tamper_detected,0.658,2486.8,0.936,80.8,-31.4,-9.6,TH-LCH,2.1,normal
ACU-000110,2026-03-30 08:00:00,MSCU-5020202,none,0.334,143.9,0.131,6.0,-60.8,-63.9,IN-VIZ,4.3,warning
ACU-000111,2026-02-16 20:00:00,MSCU-1059145,none,0.224,269.4,0.207,27.0,-46.2,-58.6,IN-PUN,4.7,critical
ACU-000112,2026-04-12 08:00:00,MSCU-2154574,none,0.17,235.6,0.127,14.9,-47.7,-63.2,SG-SIN,6.7,normal
ACU-000113,2026-01-22 13:00:00,MSCU-3633276,none,0.254,286.0,0.098,19.5,-59.8,-39.4,US-LAX,6.8,normal
ACU-000114,2026-03-10 11:00:00,MSCU-4891129,none,0.271,192.0,0.187,13.4,-45.6,-45.0,IN-DEL,2.8,normal
ACU-000115,2026-02-06 23:00:00,MSCU-4122844,none,0.04,290.8,0.108,23.1,-51.5,-56.0,MY-PTG,3.1,warning
ACU-000116,2026-02-06 14:00:00,MSCU-2157484,none,0.062,190.6,0.15,5.5,-63.3,-50.4,CN-SHA,3.7,normal
ACU-000117,2026-04-05 12:00:00,MSCU-4451663,none,0.294,132.6,0.063,29.6,-68.6,-49.2,IN-PUN,7.7,normal
ACU-000118,2026-01-23 15:00:00,MSCU-9903847,none,0.019,191.0,0.209,16.8,-44.1,-59.9,IN-PUN,7.6,warning
ACU-000119,2026-01-20 22:00:00,MSCU-8501515,refrigeration_failure,0.818,1178.3,0.621,76.5,-30.9,-13.9,DE-HAM,4.9,normal
ACU-000120,2026-03-13 15:00:00,MSCU-8214394,none,0.048,79.8,0.12,27.4,-64.0,-61.8,JP-YOK,7.9,critical
ACU-000121,2026-02-07 08:00:00,MSCU-7621168,none,0.345,277.3,0.152,9.4,-52.1,-48.3,IN-GAU,5.5,normal
ACU-000122,2026-04-19 23:00:00,MSCU-9820791,none,0.303,144.2,0.072,19.9,-44.2,-52.5,US-LAX,4.2,normal
ACU-000123,2026-04-21 04:00:00,MSCU-9373326,none,0.31,108.1,0.086,17.8,-55.2,-56.6,IN-AMD,7.8,normal
ACU-000124,2026-04-30 15:00:00,MSCU-9009938,none,0.293,226.2,0.064,16.9,-50.9,-62.7,AE-DXB,7.2,warning
ACU-000125,2026-04-09 18:00:00,MSCU-5521644,structural_stress,0.767,1064.3,0.725,59.9,-37.4,-19.4,IN-KOC,4.7,critical
ACU-000126,2026-02-09 10:00:00,MSCU-7575441,none,0.114,107.8,0.178,13.5,-57.1,-42.4,IN-TUT,7.1,normal
ACU-000127,2026-02-26 08:00:00,MSCU-2157484,none,0.319,178.7,0.223,25.8,-59.6,-45.9,JP-YOK,7.2,critical
ACU-000128,2026-02-23 09:00:00,MSCU-4821265,refrigeration_failure,0.776,1840.2,0.703,180.8,-23.6,-24.6,IN-GAU,6.1,normal
ACU-000129,2026-01-17 15:00:00,MSCU-6176201,none,0.227,199.3,0.202,9.0,-66.1,-44.6,IN-COK,5.8,normal
ACU-000130,2026-04-13 04:00:00,MSCU-1216324,none,0.104,243.8,0.3,14.2,-41.7,-35.1,DE-HAM,3.9,normal
ACU-000131,2026-04-24 02:00:00,MSCU-8268588,none,0.168,168.4,0.257,17.5,-64.5,-57.9,KR-BUS,7.2,normal
ACU-000132,2026-01-15 03:00:00,MSCU-3894694,none,0.162,227.5,0.104,16.5,-46.3,-58.4,IN-AMD,4.8,normal
ACU-000133,2026-03-10 08:00:00,MSCU-4891129,none,0.217,287.9,0.156,14.4,-59.9,-41.7,IN-KND,5.0,critical
ACU-000134,2026-03-26 02:00:00,MSCU-6206423,none,0.271,63.7,0.257,20.6,-42.4,-50.2,TH-LCH,7.9,normal
ACU-000135,2026-02-08 14:00:00,MSCU-4122844,none,0.114,186.6,0.275,14.7,-59.5,-57.5,IN-MUN,3.4,normal
ACU-000136,2026-04-29 15:00:00,MSCU-7317053,none,0.066,292.8,0.056,27.8,-53.0,-58.1,IN-JNPT,6.2,normal
ACU-000137,2026-01-09 10:00:00,MSCU-4154697,none,0.172,226.4,0.199,22.7,-56.1,-39.7,IN-COK,5.4,normal
ACU-000138,2026-03-08 12:00:00,MSCU-6531794,none,0.224,127.4,0.139,29.3,-69.6,-44.0,IN-CHN,5.1,critical
ACU-000139,2026-03-09 13:00:00,MSCU-7317053,none,0.083,155.8,0.064,15.9,-67.3,-40.8,IN-JNPT,4.6,normal
ACU-000140,2026-01-30 10:00:00,MSCU-8886179,none,0.329,138.5,0.106,16.1,-61.2,-57.0,IN-BLR,5.7,normal
ACU-000141,2026-01-24 13:00:00,MSCU-9303351,none,0.295,132.9,0.263,10.3,-64.2,-62.6,IN-MUM,6.4,normal
ACU-000142,2026-04-13 10:00:00,MSCU-7065435,none,0.276,285.2,0.059,29.1,-43.0,-41.1,NL-RTM,6.9,normal
ACU-000143,2026-01-05 03:00:00,MSCU-4821265,none,0.024,202.5,0.053,24.3,-44.7,-42.6,IN-COK,7.9,normal
ACU-000144,2026-03-30 21:00:00,MSCU-2105627,water_ingress,0.955,1434.6,0.667,192.0,-22.9,-22.0,KR-BUS,2.6,critical
ACU-000145,2026-04-07 09:00:00,MSCU-4966023,none,0.012,123.7,0.181,14.4,-54.8,-37.3,CN-SZX,2.2,warning
ACU-000146,2026-03-02 22:00:00,MSCU-4454340,none,0.087,138.5,0.18,28.0,-43.6,-35.5,IN-TUT,2.8,normal
ACU-000147,2026-01-14 17:00:00,MSCU-7545212,none,0.004,187.1,0.052,20.2,-51.9,-36.7,NL-RTM,7.7,critical
ACU-000148,2026-04-02 00:00:00,MSCU-6206423,none,0.316,72.0,0.276,17.9,-61.1,-59.3,IN-PAR,2.5,critical
ACU-000149,2026-02-25 20:00:00,MSCU-7545212,tamper_detected,0.651,2741.0,0.601,96.1,-15.9,-15.0,TH-LCH,5.1,normal
ACU-000150,2026-01-30 05:00:00,MSCU-4821265,none,0.325,51.7,0.153,8.6,-64.7,-40.1,IN-KOC,2.2,critical
ACU-000151,2026-03-08 16:00:00,MSCU-7575441,none,0.266,173.5,0.119,17.3,-64.6,-39.6,IN-KOC,2.1,warning
ACU-000152,2026-04-15 02:00:00,MSCU-8121127,none,0.2,132.1,0.261,23.8,-58.4,-41.4,IN-PUN,7.3,critical
ACU-000153,2026-01-11 01:00:00,MSCU-7717140,none,0.161,66.3,0.105,11.3,-55.8,-57.2,LK-CMB,6.3,critical
ACU-000154,2026-04-13 21:00:00,MSCU-7178769,none,0.068,125.0,0.101,19.1,-40.2,-60.9,SG-SIN,6.5,warning
ACU-000155,2026-04-01 14:00:00,MSCU-3633276,none,0.07,160.4,0.082,12.0,-62.4,-50.9,IN-DEL,5.6,normal
ACU-000156,2026-03-01 23:00:00,MSCU-9214772,none,0.042,196.3,0.1,21.8,-68.0,-43.6,IN-MUN,2.6,normal
ACU-000157,2026-03-06 04:00:00,MSCU-3430254,none,0.28,90.4,0.059,6.6,-46.8,-56.7,LK-CMB,3.0,normal
ACU-000158,2026-01-23 21:00:00,MSCU-6206423,none,0.34,280.9,0.211,28.3,-46.7,-47.7,IN-AMD,6.6,normal
ACU-000159,2026-02-21 15:00:00,MSCU-4154697,seal_broken,0.678,499.9,0.893,87.2,-36.8,-7.8,CN-SHA,6.9,warning
ACU-000160,2026-03-15 14:00:00,MSCU-8268588,cargo_shift,0.982,408.4,0.66,194.5,-37.1,-20.3,US-LAX,6.4,normal
ACU-000161,2026-02-05 10:00:00,MSCU-9298985,none,0.238,107.7,0.281,21.3,-48.6,-35.4,IN-COK,7.5,normal
ACU-000162,2026-04-08 19:00:00,MSCU-2563568,none,0.029,142.7,0.19,7.0,-63.6,-41.1,IN-HAZ,3.4,normal
ACU-000163,2026-04-30 07:00:00,MSCU-7460311,none,0.316,209.4,0.111,27.8,-54.4,-64.9,IN-TUT,2.3,normal
ACU-000164,2026-04-28 14:00:00,MSCU-3854054,seal_broken,0.836,1783.6,0.689,99.2,-24.3,-34.6,SG-SIN,7.0,warning
ACU-000165,2026-03-29 17:00:00,MSCU-4891129,none,0.283,149.6,0.165,9.3,-68.2,-43.1,CN-SZX,3.1,critical
ACU-000166,2026-03-16 10:00:00,MSCU-4821265,none,0.11,107.8,0.213,5.1,-60.5,-54.4,IN-PAR,7.6,normal
ACU-000167,2026-01-28 02:00:00,MSCU-5020202,none,0.299,198.0,0.139,6.2,-48.5,-48.3,CN-NGB,6.2,normal
ACU-000168,2026-02-15 09:00:00,MSCU-7317053,none,0.169,286.0,0.22,15.6,-42.0,-37.1,IN-COK,4.0,critical
ACU-000169,2026-04-25 08:00:00,MSCU-2157484,none,0.305,285.1,0.229,17.8,-48.0,-40.9,IN-HAZ,3.3,warning
ACU-000170,2026-01-21 02:00:00,MSCU-1059145,none,0.168,146.9,0.275,11.7,-45.2,-44.7,SG-SIN,7.5,warning
ACU-000171,2026-03-10 09:00:00,MSCU-7678047,none,0.019,237.0,0.091,5.1,-45.5,-45.6,AE-DXB,7.8,normal
ACU-000172,2026-04-16 14:00:00,MSCU-2731407,none,0.324,124.2,0.151,29.4,-52.9,-46.1,MY-PTG,2.8,critical
ACU-000173,2026-02-08 12:00:00,MSCU-4821265,none,0.238,197.5,0.267,26.1,-47.2,-35.3,IN-AMD,4.9,warning
ACU-000174,2026-03-14 10:00:00,MSCU-8501515,none,0.132,122.5,0.146,11.3,-41.9,-56.3,IN-JNPT,7.1,normal
ACU-000175,2026-04-09 22:00:00,MSCU-4966023,none,0.077,90.3,0.087,9.8,-65.4,-57.4,IN-VIZ,4.6,normal
ACU-000176,2026-04-01 22:00:00,MSCU-6994190,none,0.214,164.3,0.294,5.7,-62.0,-50.7,IN-COK,3.2,normal
ACU-000177,2026-02-13 07:00:00,MSCU-1228831,none,0.178,190.6,0.147,26.6,-54.9,-59.6,IN-MUN,7.4,critical
ACU-000178,2026-03-04 00:00:00,MSCU-2157484,none,0.193,81.7,0.276,6.8,-44.7,-58.5,IN-KND,2.1,normal
ACU-000179,2026-04-08 02:00:00,MSCU-3360959,none,0.274,171.1,0.095,15.6,-50.7,-48.8,US-LAX,3.4,normal
ACU-000180,2026-03-07 05:00:00,MSCU-4451663,none,0.036,146.9,0.147,19.2,-68.4,-63.2,IN-DEL,4.4,normal
ACU-000181,2026-04-22 17:00:00,MSCU-8886179,none,0.08,299.7,0.298,11.0,-46.3,-37.2,SG-SIN,4.4,warning
ACU-000182,2026-02-07 20:00:00,MSCU-3427728,none,0.158,51.8,0.288,10.6,-60.8,-54.1,IN-DEL,3.5,normal
ACU-000183,2026-01-15 01:00:00,MSCU-7178769,none,0.134,111.6,0.065,26.1,-58.5,-47.2,IN-AMD,2.3,normal
ACU-000184,2026-03-17 11:00:00,MSCU-7717140,tamper_detected,0.737,1485.5,0.653,92.2,-18.6,-21.5,IN-PAR,3.8,normal
ACU-000185,2026-03-21 01:00:00,MSCU-9303351,refrigeration_failure,0.819,3728.0,0.986,59.4,-27.3,-11.5,IN-HAZ,4.4,normal
ACU-000186,2026-04-29 14:00:00,MSCU-1151797,none,0.024,107.8,0.244,14.5,-68.6,-64.2,US-LAX,5.8,normal
ACU-000187,2026-03-27 09:00:00,MSCU-7101757,none,0.149,228.2,0.252,18.8,-69.0,-56.4,CN-SHA,2.4,normal
ACU-000188,2026-02-23 10:00:00,MSCU-7575441,none,0.164,129.0,0.051,24.6,-60.9,-40.3,IN-GAU,3.6,warning
ACU-000189,2026-03-18 09:00:00,MSCU-2105627,none,0.188,218.9,0.094,22.4,-62.9,-44.9,TH-LCH,7.2,normal
ACU-000190,2026-01-30 12:00:00,MSCU-1498984,none,0.314,158.8,0.113,25.4,-55.2,-49.6,TH-LCH,2.5,critical
ACU-000191,2026-04-28 04:00:00,MSCU-7523748,none,0.123,221.9,0.186,15.5,-56.6,-45.9,JP-YOK,4.3,warning
ACU-000192,2026-02-22 16:00:00,MSCU-4966023,none,0.131,198.2,0.218,20.3,-48.9,-64.9,IN-PAR,7.7,normal
ACU-000193,2026-03-12 05:00:00,MSCU-1498984,none,0.331,145.7,0.117,16.5,-52.1,-63.0,SG-SIN,7.5,normal
ACU-000194,2026-03-05 07:00:00,MSCU-2154574,structural_stress,0.865,1552.5,0.8,184.5,-16.8,-10.2,IN-DEL,2.9,normal
ACU-000195,2026-02-01 19:00:00,MSCU-7783528,none,0.3,274.4,0.065,16.1,-52.8,-56.7,IN-TUT,6.3,warning
ACU-000196,2026-01-22 11:00:00,MSCU-2563568,none,0.188,249.4,0.055,29.5,-63.0,-60.5,IN-KOL,4.6,normal
ACU-000197,2026-03-07 22:00:00,MSCU-5736108,none,0.14,54.2,0.215,12.7,-59.2,-56.4,IN-BLR,6.5,critical
ACU-000198,2026-02-20 15:00:00,MSCU-5736108,none,0.201,140.1,0.237,14.4,-41.9,-60.6,IN-MUN,7.0,normal
ACU-000199,2026-04-13 08:00:00,MSCU-9298985,none,0.295,112.9,0.144,19.0,-42.5,-35.5,KR-BUS,7.7,warning
ACU-000200,2026-02-08 13:00:00,MSCU-3427728,none,0.271,158.0,0.087,8.7,-61.3,-49.0,IN-PUN,4.3,warning
ACU-000201,2026-01-12 22:00:00,MSCU-8268588,none,0.235,291.3,0.122,24.0,-56.3,-64.6,IN-AMD,5.8,critical
ACU-000202,2026-03-25 12:00:00,MSCU-4451663,none,0.23,120.2,0.2,22.1,-68.9,-59.4,IN-KND,2.6,normal
ACU-000203,2026-03-19 21:00:00,MSCU-2105627,none,0.203,115.3,0.285,19.8,-54.5,-52.3,MY-PTG,2.8,normal
ACU-000204,2026-04-06 15:00:00,MSCU-6176201,none,0.159,181.1,0.299,10.9,-61.4,-47.1,IN-COK,7.7,normal
ACU-000205,2026-03-30 00:00:00,MSCU-7717140,none,0.346,268.7,0.132,28.4,-60.0,-48.5,IN-BLR,5.2,warning
ACU-000206,2026-04-07 08:00:00,MSCU-3427728,none,0.016,252.9,0.123,13.6,-44.7,-49.4,IN-VIZ,2.9,normal
ACU-000207,2026-04-28 14:00:00,MSCU-6531794,none,0.277,198.6,0.265,9.6,-56.3,-56.5,IN-MUN,5.3,normal
ACU-000208,2026-03-03 11:00:00,MSCU-5748950,none,0.197,181.9,0.111,7.1,-52.5,-35.4,IN-COK,3.4,normal
ACU-000209,2026-01-05 21:00:00,MSCU-6699097,none,0.027,117.8,0.107,24.1,-54.6,-58.7,IN-KND,4.2,warning
ACU-000210,2026-02-26 05:00:00,MSCU-9903847,none,0.125,259.8,0.297,5.5,-62.9,-41.7,IN-COK,2.4,normal
ACU-000211,2026-01-17 14:00:00,MSCU-8886179,none,0.104,74.2,0.114,17.7,-57.8,-38.9,IN-PUN,4.7,normal
ACU-000212,2026-02-08 20:00:00,MSCU-9303351,none,0.167,133.3,0.198,16.5,-52.4,-37.0,ZA-DUR,5.8,critical
ACU-000213,2026-04-23 02:00:00,MSCU-7621168,none,0.243,162.0,0.283,9.4,-63.0,-64.3,LK-CMB,6.1,normal
ACU-000214,2026-04-10 05:00:00,MSCU-6540015,none,0.335,56.4,0.263,10.8,-63.3,-41.7,KR-BUS,2.1,normal
ACU-000215,2026-04-28 13:00:00,MSCU-7065435,none,0.261,112.2,0.234,12.1,-68.3,-49.6,NL-RTM,4.6,normal
ACU-000216,2026-03-14 06:00:00,MSCU-7460311,none,0.223,99.0,0.119,18.7,-59.9,-59.9,IN-AMD,7.3,critical
ACU-000217,2026-01-06 17:00:00,MSCU-7678047,none,0.009,54.6,0.068,27.5,-68.7,-49.5,DE-HAM,2.2,normal
ACU-000218,2026-04-12 04:00:00,MSCU-9214772,none,0.253,224.8,0.156,19.1,-55.7,-58.2,IN-HYD,4.6,normal
ACU-000219,2026-02-28 12:00:00,MSCU-5521644,none,0.083,190.9,0.254,10.6,-69.8,-42.2,IN-VIZ,3.9,normal
ACU-000220,2026-04-28 21:00:00,MSCU-4154697,none,0.16,224.0,0.289,19.0,-69.6,-40.3,IN-KOC,4.7,normal
ACU-000221,2026-01-23 03:00:00,MSCU-7621168,none,0.318,238.2,0.103,23.2,-49.0,-39.5,TH-LCH,7.8,critical
ACU-000222,2026-04-13 23:00:00,MSCU-9303351,none,0.174,237.8,0.252,11.8,-50.3,-62.9,SG-SIN,7.8,normal
ACU-000223,2026-01-16 04:00:00,MSCU-6531794,none,0.13,211.4,0.118,14.0,-48.0,-40.8,IN-VIZ,2.9,normal
ACU-000224,2026-02-21 04:00:00,MSCU-2977069,none,0.022,54.8,0.183,29.9,-60.3,-41.3,SG-SIN,5.3,normal
ACU-000225,2026-02-27 11:00:00,MSCU-7783528,none,0.236,61.8,0.116,15.1,-69.6,-43.8,IN-CHN,4.4,normal
ACU-000226,2026-04-16 22:00:00,MSCU-5793405,none,0.241,97.8,0.079,26.1,-63.7,-55.4,ZA-DUR,5.1,warning
ACU-000227,2026-01-05 19:00:00,MSCU-8886179,none,0.244,146.1,0.255,27.2,-41.3,-37.4,SG-SIN,6.1,normal
ACU-000228,2026-01-22 07:00:00,MSCU-2105627,tamper_detected,0.838,1260.3,0.997,74.8,-19.3,-25.1,IN-KOL,3.7,normal
ACU-000229,2026-03-08 16:00:00,MSCU-7065435,none,0.313,221.6,0.069,13.2,-41.0,-36.9,IN-KOC,6.3,normal
ACU-000230,2026-01-09 18:00:00,MSCU-2501037,none,0.14,262.5,0.215,19.6,-43.9,-36.4,JP-YOK,2.1,normal
ACU-000231,2026-01-01 17:00:00,MSCU-7523748,none,0.057,258.6,0.283,18.8,-68.0,-41.2,SG-SIN,4.6,warning
ACU-000232,2026-03-12 10:00:00,MSCU-7621168,none,0.15,50.6,0.124,23.4,-52.4,-64.7,IN-KOL,3.9,normal
ACU-000233,2026-04-07 03:00:00,MSCU-8268588,none,0.219,144.5,0.176,11.6,-62.4,-41.2,LK-CMB,3.9,normal
ACU-000234,2026-03-06 00:00:00,MSCU-2731407,none,0.346,142.3,0.147,23.4,-42.5,-56.6,KR-BUS,6.9,normal
ACU-000235,2026-01-31 04:00:00,MSCU-4966023,none,0.18,186.4,0.171,22.6,-41.3,-44.1,IN-HYD,2.6,critical
ACU-000236,2026-04-17 04:00:00,MSCU-8501515,none,0.193,96.0,0.293,25.3,-46.5,-50.5,IN-COK,5.8,normal
ACU-000237,2026-03-21 10:00:00,MSCU-7317053,none,0.271,114.8,0.237,22.4,-68.2,-38.8,KR-BUS,6.0,normal
ACU-000238,2026-02-27 16:00:00,MSCU-1059145,none,0.113,57.7,0.293,8.4,-43.3,-62.8,IN-DEL,2.9,normal
ACU-000239,2026-02-07 10:00:00,MSCU-3894694,none,0.107,291.1,0.174,15.2,-59.0,-50.3,KR-BUS,6.4,normal
ACU-000240,2026-03-29 15:00:00,MSCU-1218132,none,0.216,236.0,0.26,21.5,-65.4,-51.6,IN-HAZ,7.0,normal
ACU-000241,2026-01-24 06:00:00,MSCU-2977069,water_ingress,0.851,912.3,0.658,75.3,-24.4,-28.3,IN-KOL,3.9,warning
ACU-000242,2026-02-11 10:00:00,MSCU-7783528,none,0.237,64.2,0.295,17.1,-68.7,-61.5,IN-JNPT,2.8,normal
ACU-000243,2026-04-12 00:00:00,MSCU-3854054,none,0.059,288.8,0.111,20.5,-57.2,-63.4,IN-MUN,3.5,normal
ACU-000244,2026-02-02 23:00:00,MSCU-9481930,none,0.341,283.1,0.12,6.2,-48.3,-53.8,JP-YOK,4.6,normal
ACU-000245,2026-01-05 22:00:00,MSCU-1218132,none,0.227,159.7,0.185,17.2,-65.0,-41.1,IN-COK,7.2,normal
ACU-000246,2026-04-04 10:00:00,MSCU-5020202,none,0.06,296.8,0.063,27.2,-66.2,-48.7,US-NYC,2.2,normal
ACU-000247,2026-02-24 20:00:00,MSCU-9481930,none,0.076,291.7,0.211,6.9,-69.8,-62.3,IN-TUT,4.5,normal
ACU-000248,2026-03-31 17:00:00,MSCU-6540015,none,0.001,78.0,0.263,11.9,-62.2,-43.6,IN-VIZ,7.4,warning
ACU-000249,2026-03-04 09:00:00,MSCU-8501515,none,0.327,216.9,0.22,14.4,-69.6,-63.2,IN-JNPT,3.7,critical
ACU-000250,2026-04-24 03:00:00,MSCU-5793405,none,0.092,134.1,0.131,15.7,-56.8,-57.9,MY-PTG,6.7,critical
ACU-000251,2026-01-21 22:00:00,MSCU-7994562,none,0.318,114.6,0.279,25.9,-56.2,-61.8,IN-PAR,6.7,normal
ACU-000252,2026-01-07 08:00:00,MSCU-5020202,none,0.273,243.0,0.053,8.9,-63.9,-57.5,IN-TUT,6.6,normal
ACU-000253,2026-04-07 06:00:00,MSCU-5020202,none,0.232,106.5,0.135,17.9,-60.7,-62.7,IN-TUT,2.1,warning
ACU-000254,2026-03-25 09:00:00,MSCU-4966023,none,0.173,77.9,0.16,29.8,-68.3,-59.0,NL-RTM,6.6,normal
ACU-000255,2026-03-11 19:00:00,MSCU-2105627,none,0.232,172.3,0.175,28.5,-48.1,-38.4,AE-DXB,5.5,normal
ACU-000256,2026-04-02 01:00:00,MSCU-2731407,none,0.2,293.7,0.272,9.8,-42.7,-53.7,MY-PTG,2.3,normal
ACU-000257,2026-01-01 02:00:00,MSCU-7065435,refrigeration_failure,0.895,1451.1,0.793,120.1,-38.1,-10.4,LK-CMB,3.7,normal
ACU-000258,2026-04-16 23:00:00,MSCU-7523748,none,0.26,143.7,0.193,18.9,-42.7,-36.8,CN-NGB,6.5,normal
ACU-000259,2026-02-26 19:00:00,MSCU-6813611,none,0.072,60.3,0.141,11.8,-46.3,-39.3,CN-SHA,6.4,normal
ACU-000260,2026-01-06 06:00:00,MSCU-6243426,none,0.02,169.8,0.196,23.4,-68.5,-43.6,CN-SZX,6.8,warning
ACU-000261,2026-01-06 08:00:00,MSCU-1218132,none,0.001,284.7,0.263,25.9,-65.7,-47.8,DE-HAM,2.1,warning
ACU-000262,2026-04-13 19:00:00,MSCU-4572711,structural_stress,0.953,2499.1,0.742,182.3,-32.1,-31.0,JP-YOK,6.2,critical
ACU-000263,2026-03-25 23:00:00,MSCU-2607874,none,0.238,163.0,0.18,9.5,-41.0,-37.3,IN-PUN,4.2,normal
ACU-000264,2026-03-06 17:00:00,MSCU-1498984,none,0.296,77.5,0.283,21.6,-50.2,-54.3,IN-BLR,5.2,normal
ACU-000265,2026-01-10 07:00:00,MSCU-8501515,none,0.333,130.3,0.086,24.0,-67.9,-44.1,IN-MUM,6.3,normal
ACU-000266,2026-03-06 21:00:00,MSCU-8501515,none,0.096,288.0,0.144,13.9,-60.0,-47.7,CN-SHA,2.1,warning
ACU-000267,2026-03-02 05:00:00,MSCU-9298985,none,0.111,252.1,0.284,6.0,-44.8,-55.9,IN-KOC,7.8,normal
ACU-000268,2026-04-22 11:00:00,MSCU-5793405,water_ingress,0.863,1083.6,0.665,64.4,-32.8,-26.7,CN-SHA,6.5,critical
ACU-000269,2026-04-29 13:00:00,MSCU-8121127,tamper_detected,0.916,2369.2,0.838,147.7,-28.3,-21.6,ZA-DUR,5.8,normal
ACU-000270,2026-01-09 00:00:00,MSCU-9379725,none,0.002,88.4,0.062,21.5,-56.0,-43.5,IN-DEL,6.0,normal
ACU-000271,2026-01-21 13:00:00,MSCU-6699097,none,0.0,208.7,0.141,23.7,-40.0,-54.2,AE-DXB,5.1,normal
ACU-000272,2026-04-22 23:00:00,MSCU-6417341,none,0.099,146.1,0.193,6.3,-48.4,-39.1,LK-CMB,6.7,warning
ACU-000273,2026-01-28 01:00:00,MSCU-2157484,none,0.006,151.3,0.229,27.2,-41.0,-54.1,IN-JNPT,6.8,critical
ACU-000274,2026-03-06 06:00:00,MSCU-2105627,none,0.06,84.0,0.142,9.1,-55.8,-55.1,IN-AMD,2.3,normal
ACU-000275,2026-03-26 01:00:00,MSCU-5552172,none,0.341,57.1,0.138,19.8,-56.3,-39.6,DE-HAM,7.1,warning
ACU-000276,2026-02-13 10:00:00,MSCU-1059145,none,0.08,76.6,0.116,23.0,-59.2,-46.5,CN-SZX,7.0,normal
ACU-000277,2026-03-11 12:00:00,MSCU-6243426,none,0.118,241.6,0.266,21.5,-61.1,-45.6,US-NYC,4.5,normal
ACU-000278,2026-02-27 18:00:00,MSCU-4891129,none,0.299,97.8,0.251,24.2,-42.7,-60.8,IN-PUN,3.0,normal
ACU-000279,2026-02-05 06:00:00,MSCU-4122844,none,0.039,102.7,0.063,17.0,-57.0,-62.6,IN-VIZ,5.4,normal
ACU-000280,2026-03-09 12:00:00,MSCU-5521644,none,0.264,242.9,0.197,10.0,-61.3,-63.0,TH-LCH,7.4,critical
ACU-000281,2026-02-17 22:00:00,MSCU-5552172,none,0.16,266.5,0.126,14.8,-69.5,-48.9,NL-RTM,4.5,critical
ACU-000282,2026-04-06 01:00:00,MSCU-7817990,tamper_detected,0.69,1765.4,0.619,77.5,-27.5,-33.0,IN-JNPT,2.8,normal
ACU-000283,2026-01-25 09:00:00,MSCU-7717140,none,0.137,285.3,0.137,27.2,-64.7,-35.5,LK-CMB,5.7,critical
ACU-000284,2026-01-31 16:00:00,MSCU-2154574,none,0.25,205.0,0.293,28.0,-67.2,-56.1,IN-KOC,2.8,normal
ACU-000285,2026-03-18 14:00:00,MSCU-7317053,none,0.316,88.1,0.197,11.1,-58.3,-36.0,IN-KOL,7.1,normal
ACU-000286,2026-04-27 17:00:00,MSCU-5521644,none,0.097,64.1,0.236,7.2,-58.0,-40.3,CN-SZX,2.3,normal
ACU-000287,2026-03-02 16:00:00,MSCU-8264610,water_ingress,0.721,2676.9,0.937,108.4,-13.2,-13.3,CN-NGB,6.4,normal
ACU-000288,2026-02-18 02:00:00,MSCU-7575441,none,0.17,299.8,0.115,18.2,-41.0,-57.1,DE-HAM,2.5,normal
ACU-000289,2026-03-11 08:00:00,MSCU-7575441,none,0.081,278.5,0.179,21.4,-47.3,-60.5,IN-AMD,2.4,critical
ACU-000290,2026-03-13 09:00:00,MSCU-7783528,none,0.322,224.1,0.19,25.1,-57.1,-52.1,IN-KND,3.7,normal
ACU-000291,2026-01-25 04:00:00,MSCU-7065435,none,0.26,158.2,0.267,15.9,-62.6,-61.0,IN-GAU,7.9,normal
ACU-000292,2026-01-28 04:00:00,MSCU-5521644,none,0.101,217.4,0.264,15.5,-40.9,-52.0,NL-RTM,7.1,normal
ACU-000293,2026-03-05 21:00:00,MSCU-4572711,none,0.071,140.0,0.152,29.7,-47.4,-54.3,JP-YOK,6.4,normal
ACU-000294,2026-01-04 18:00:00,MSCU-9379725,none,0.246,53.8,0.124,8.4,-59.5,-47.7,ZA-DUR,5.6,critical
ACU-000295,2026-03-10 06:00:00,MSCU-1506128,water_ingress,0.857,235.0,0.912,154.7,-31.3,-29.0,IN-CHN,3.0,normal
ACU-000296,2026-02-13 19:00:00,MSCU-8403564,none,0.061,138.4,0.204,27.7,-63.1,-42.5,AE-DXB,5.5,warning
ACU-000297,2026-04-30 20:00:00,MSCU-8886179,none,0.148,289.2,0.214,11.1,-52.6,-44.2,IN-KND,2.9,warning
ACU-000298,2026-02-06 20:00:00,MSCU-1151797,none,0.054,254.0,0.078,24.2,-64.8,-40.7,CN-NGB,3.8,normal
ACU-000299,2026-02-13 11:00:00,MSCU-4821265,none,0.016,209.7,0.151,27.6,-42.2,-42.8,IN-KOC,4.6,normal
ACU-000300,2026-01-12 00:00:00,MSCU-6243426,none,0.063,120.0,0.057,18.7,-44.0,-56.4,IN-KND,3.6,normal
ACU-000301,2026-03-24 00:00:00,MSCU-1216324,none,0.054,293.4,0.131,15.5,-53.9,-42.3,ZA-DUR,7.2,normal
ACU-000302,2026-03-10 07:00:00,MSCU-5552172,none,0.101,74.2,0.262,17.0,-67.4,-45.5,IN-PAR,5.1,warning
ACU-000303,2026-04-22 23:00:00,MSCU-2157484,none,0.132,94.4,0.059,17.8,-41.8,-64.0,TH-LCH,2.1,warning
ACU-000304,2026-02-13 10:00:00,MSCU-5020202,none,0.324,157.0,0.108,6.3,-56.3,-44.8,IN-PAR,7.1,warning
ACU-000305,2026-01-31 22:00:00,MSCU-9903847,none,0.286,183.4,0.259,7.6,-66.0,-59.3,IN-AMD,2.8,normal
ACU-000306,2026-02-26 14:00:00,MSCU-9820791,none,0.116,178.8,0.186,12.4,-56.9,-64.8,TH-LCH,5.0,warning
ACU-000307,2026-02-01 16:00:00,MSCU-2563568,none,0.316,220.5,0.228,27.7,-69.7,-48.0,IN-VIZ,6.1,normal
ACU-000308,2026-01-23 15:00:00,MSCU-3854054,water_ingress,0.851,669.4,0.97,73.6,-26.2,-13.9,IN-KND,6.6,critical
ACU-000309,2026-03-29 20:00:00,MSCU-7178769,none,0.038,231.9,0.15,22.3,-57.8,-46.5,IN-PUN,6.0,normal
ACU-000310,2026-02-18 05:00:00,MSCU-5020202,none,0.01,101.4,0.229,22.4,-62.3,-41.9,CN-SHA,4.7,critical
ACU-000311,2026-01-09 05:00:00,MSCU-4451663,none,0.275,196.2,0.108,11.5,-68.0,-39.3,IN-AMD,2.4,normal
ACU-000312,2026-03-06 17:00:00,MSCU-7717140,none,0.023,263.0,0.232,14.9,-53.6,-45.0,IN-BLR,3.3,normal
ACU-000313,2026-02-07 09:00:00,MSCU-4122844,seal_broken,0.861,534.6,0.75,144.5,-20.1,-27.0,SG-SIN,5.0,normal
ACU-000314,2026-02-28 12:00:00,MSCU-5519286,none,0.281,197.1,0.182,19.8,-57.4,-35.0,CN-SZX,4.1,normal
ACU-000315,2026-04-28 20:00:00,MSCU-2157484,none,0.033,55.8,0.289,7.5,-65.0,-50.2,IN-KND,4.5,critical
ACU-000316,2026-02-21 20:00:00,MSCU-7460311,none,0.18,156.4,0.074,25.7,-68.3,-61.5,IN-COK,7.4,normal
ACU-000317,2026-03-04 04:00:00,MSCU-5552172,none,0.249,275.5,0.202,13.3,-68.7,-54.4,IN-COK,4.5,warning
ACU-000318,2026-01-28 01:00:00,MSCU-7994562,none,0.32,242.2,0.055,24.8,-51.2,-57.9,JP-YOK,7.2,normal
ACU-000319,2026-04-20 23:00:00,MSCU-6417341,cargo_shift,0.762,2820.2,0.759,117.6,-18.8,-26.6,IN-MUN,3.6,normal
ACU-000320,2026-03-30 11:00:00,MSCU-5793405,none,0.09,200.0,0.298,12.5,-68.1,-52.6,CN-SZX,5.8,normal
ACU-000321,2026-03-19 08:00:00,MSCU-8214394,none,0.093,91.6,0.096,23.5,-54.5,-57.7,IN-CHN,4.9,warning
ACU-000322,2026-02-11 06:00:00,MSCU-7678047,none,0.167,257.1,0.196,20.6,-43.1,-53.8,DE-HAM,5.4,normal
ACU-000323,2026-03-15 15:00:00,MSCU-3894694,none,0.219,290.3,0.254,28.9,-54.6,-43.7,IN-PAR,6.0,normal
ACU-000324,2026-02-08 05:00:00,MSCU-5748950,none,0.199,290.8,0.147,27.6,-46.1,-50.1,IN-CHN,2.9,warning
ACU-000325,2026-01-08 05:00:00,MSCU-9820791,none,0.121,52.3,0.247,25.4,-53.9,-37.8,IN-HAZ,3.2,warning
ACU-000326,2026-01-14 22:00:00,MSCU-4451663,none,0.264,132.8,0.063,15.7,-45.1,-47.7,IN-PAR,2.0,normal
ACU-000327,2026-02-19 00:00:00,MSCU-4966023,none,0.136,113.9,0.156,25.1,-43.6,-56.8,JP-YOK,3.0,warning
ACU-000328,2026-04-26 21:00:00,MSCU-1228831,none,0.046,84.5,0.058,11.7,-63.0,-45.6,CN-NGB,6.0,normal
ACU-000329,2026-01-15 04:00:00,MSCU-2977069,none,0.09,156.2,0.215,11.2,-43.1,-64.9,IN-PAR,3.6,normal
ACU-000330,2026-03-09 12:00:00,MSCU-5521644,none,0.252,173.7,0.1,11.7,-53.2,-59.9,DE-HAM,4.5,warning
ACU-000331,2026-03-09 03:00:00,MSCU-3466340,tamper_detected,0.911,377.0,0.985,84.5,-36.6,-22.2,IN-CHN,7.6,critical
ACU-000332,2026-03-10 06:00:00,MSCU-3360959,none,0.11,74.0,0.158,7.9,-59.4,-61.2,CN-SHA,4.7,warning
ACU-000333,2026-03-14 17:00:00,MSCU-3427728,none,0.11,125.4,0.296,9.4,-60.3,-37.9,IN-PAR,4.4,normal
ACU-000334,2026-01-25 16:00:00,MSCU-5780069,none,0.03,206.3,0.261,17.1,-62.9,-44.8,DE-HAM,7.4,critical
ACU-000335,2026-01-19 09:00:00,MSCU-6699097,seal_broken,0.941,1482.2,0.777,171.4,-18.7,-9.0,IN-VIZ,5.8,normal
ACU-000336,2026-01-03 12:00:00,MSCU-4966023,none,0.04,122.8,0.155,17.6,-62.1,-46.0,US-LAX,7.2,warning
ACU-000337,2026-03-04 19:00:00,MSCU-1506128,none,0.137,262.2,0.176,18.6,-60.0,-43.1,IN-JNPT,7.0,normal
ACU-000338,2026-02-26 09:00:00,MSCU-3360959,none,0.01,217.9,0.09,15.7,-68.9,-52.6,IN-MUM,2.2,critical
ACU-000339,2026-04-20 14:00:00,MSCU-5521644,none,0.271,188.2,0.16,6.1,-62.4,-54.2,IN-BLR,2.4,normal
ACU-000340,2026-04-26 10:00:00,MSCU-9303351,none,0.157,196.7,0.272,25.4,-60.0,-58.7,CN-SZX,4.3,normal
ACU-000341,2026-01-14 09:00:00,MSCU-9063638,none,0.335,194.8,0.26,29.9,-42.9,-58.6,IN-MUN,3.6,normal
ACU-000342,2026-03-04 18:00:00,MSCU-4891129,none,0.299,102.6,0.277,29.4,-52.4,-58.7,IN-PUN,6.2,warning
ACU-000343,2026-03-17 13:00:00,MSCU-5793405,none,0.266,176.0,0.264,9.1,-60.2,-45.5,TH-LCH,2.0,critical
ACU-000344,2026-04-21 08:00:00,MSCU-4966023,none,0.088,116.1,0.289,26.4,-66.4,-36.6,CN-NGB,2.2,normal
ACU-000345,2026-02-14 20:00:00,MSCU-8501515,structural_stress,0.775,3832.4,0.935,83.8,-38.5,-29.4,JP-YOK,5.2,normal
ACU-000346,2026-02-02 18:00:00,MSCU-7717140,structural_stress,0.97,1913.5,0.769,166.6,-19.8,-10.8,MY-PTG,6.5,warning
ACU-000347,2026-04-29 17:00:00,MSCU-5519286,none,0.03,81.4,0.154,26.4,-68.0,-62.5,US-LAX,7.6,normal
ACU-000348,2026-03-08 14:00:00,MSCU-3430254,none,0.184,264.5,0.141,16.5,-65.4,-47.0,NL-RTM,4.4,normal
ACU-000349,2026-04-30 01:00:00,MSCU-6813611,none,0.127,244.2,0.076,12.8,-46.0,-64.3,US-LAX,5.2,warning
ACU-000350,2026-01-12 12:00:00,MSCU-5552172,none,0.019,123.1,0.153,14.8,-64.5,-61.9,IN-CHN,3.4,normal
ACU-000351,2026-04-14 22:00:00,MSCU-6206423,none,0.156,78.3,0.139,18.8,-59.9,-48.4,TH-LCH,5.9,warning
ACU-000352,2026-02-14 06:00:00,MSCU-9820791,none,0.054,119.0,0.182,21.4,-43.3,-53.1,IN-AMD,2.9,critical
ACU-000353,2026-03-21 22:00:00,MSCU-2731407,none,0.114,194.8,0.078,5.8,-61.2,-60.2,IN-MUN,6.3,normal
ACU-000354,2026-04-10 03:00:00,MSCU-9820791,none,0.096,130.3,0.209,14.2,-68.6,-60.6,CN-SHA,2.9,critical
ACU-000355,2026-04-17 00:00:00,MSCU-3360959,none,0.202,193.6,0.122,11.9,-58.7,-56.7,IN-TUT,5.4,normal
ACU-000356,2026-01-12 22:00:00,MSCU-6540015,none,0.282,52.8,0.092,23.6,-68.5,-45.5,LK-CMB,7.2,normal
ACU-000357,2026-03-15 02:00:00,MSCU-3427728,none,0.053,255.9,0.167,28.2,-60.7,-53.2,IN-COK,2.7,critical
ACU-000358,2026-04-03 15:00:00,MSCU-8264610,none,0.231,250.8,0.182,28.1,-46.7,-63.4,IN-CHN,5.3,normal
ACU-000359,2026-02-10 02:00:00,MSCU-7621168,none,0.015,166.0,0.066,26.4,-58.1,-41.9,JP-YOK,5.8,normal
ACU-000360,2026-01-23 07:00:00,MSCU-5793405,structural_stress,0.835,3704.2,0.975,145.1,-13.5,-6.9,IN-KND,2.5,warning
ACU-000361,2026-01-07 10:00:00,MSCU-3360959,none,0.079,109.7,0.198,9.2,-48.9,-41.2,AE-DXB,3.0,critical
ACU-000362,2026-04-21 15:00:00,MSCU-8886179,none,0.099,232.0,0.238,29.8,-64.0,-52.2,SG-SIN,4.0,warning
ACU-000363,2026-01-25 09:00:00,MSCU-9063638,none,0.145,292.9,0.092,23.3,-64.4,-54.1,IN-AMD,6.2,critical
ACU-000364,2026-04-14 00:00:00,MSCU-2154574,none,0.278,227.7,0.237,6.2,-55.1,-55.3,IN-JNPT,4.1,critical
ACU-000365,2026-01-27 12:00:00,MSCU-9481930,none,0.114,63.2,0.149,5.4,-57.8,-50.2,IN-KOC,7.7,normal
ACU-000366,2026-04-21 01:00:00,MSCU-7178769,tamper_detected,0.796,2775.1,0.671,141.2,-14.7,-33.8,IN-MUN,2.5,normal
ACU-000367,2026-04-03 03:00:00,MSCU-5552172,none,0.022,176.3,0.099,8.1,-55.4,-59.6,ZA-DUR,4.3,warning
ACU-000368,2026-04-27 02:00:00,MSCU-5020202,none,0.137,244.0,0.281,22.5,-54.6,-56.9,NL-RTM,4.6,normal
ACU-000369,2026-04-01 16:00:00,MSCU-8268588,none,0.053,235.2,0.083,12.2,-51.3,-42.3,IN-AMD,6.3,normal
ACU-000370,2026-04-12 13:00:00,MSCU-4966023,none,0.183,186.5,0.102,11.5,-62.1,-60.1,IN-TUT,4.5,critical
ACU-000371,2026-04-16 22:00:00,MSCU-2731407,none,0.113,241.7,0.262,14.5,-56.1,-39.5,TH-LCH,3.9,critical
ACU-000372,2026-04-08 08:00:00,MSCU-5736108,none,0.321,190.5,0.286,22.2,-61.5,-37.3,IN-VIZ,5.6,normal
ACU-000373,2026-02-19 10:00:00,MSCU-3633276,none,0.1,210.9,0.146,25.9,-65.7,-56.3,LK-CMB,2.6,normal
ACU-000374,2026-03-18 05:00:00,MSCU-8268588,none,0.145,275.1,0.121,18.6,-50.7,-48.2,IN-HYD,3.5,normal
ACU-000375,2026-01-20 01:00:00,MSCU-3427728,structural_stress,0.66,1669.9,0.99,62.6,-20.0,-32.9,IN-TUT,6.4,normal
ACU-000376,2026-04-14 05:00:00,MSCU-6699097,none,0.194,138.0,0.242,19.4,-60.0,-46.8,LK-CMB,3.9,critical
ACU-000377,2026-02-10 01:00:00,MSCU-2154574,none,0.035,65.3,0.291,29.8,-47.0,-61.9,IN-COK,6.9,critical
ACU-000378,2026-02-14 21:00:00,MSCU-5519286,none,0.055,142.6,0.25,13.1,-62.3,-54.3,ZA-DUR,2.2,normal
ACU-000379,2026-03-29 09:00:00,MSCU-5521644,structural_stress,0.668,3174.4,0.618,146.6,-10.4,-10.6,IN-HAZ,5.8,normal
ACU-000380,2026-01-09 13:00:00,MSCU-4451663,none,0.14,148.2,0.086,9.7,-48.6,-49.9,AE-DXB,3.3,normal
ACU-000381,2026-04-11 11:00:00,MSCU-8121127,none,0.044,239.2,0.219,15.2,-56.5,-54.2,IN-KOL,2.3,warning
ACU-000382,2026-01-26 04:00:00,MSCU-8403564,none,0.175,176.4,0.296,14.3,-46.1,-42.7,IN-KOC,4.4,warning
ACU-000383,2026-02-18 13:00:00,MSCU-6531794,none,0.321,290.7,0.225,28.8,-46.8,-38.6,IN-KOL,2.9,normal
ACU-000384,2026-02-03 08:00:00,MSCU-8121127,seal_broken,0.919,2581.8,0.86,154.7,-32.3,-10.2,IN-DEL,7.5,critical
ACU-000385,2026-04-28 04:00:00,MSCU-5020202,none,0.34,252.0,0.237,13.8,-52.2,-63.5,IN-JNPT,2.3,critical
ACU-000386,2026-03-06 19:00:00,MSCU-5521644,none,0.045,86.1,0.121,28.9,-45.5,-40.8,IN-DEL,5.4,normal
ACU-000387,2026-03-15 23:00:00,MSCU-9214772,none,0.185,97.6,0.251,11.4,-40.5,-42.2,IN-HYD,2.3,normal
ACU-000388,2026-01-16 11:00:00,MSCU-8121127,none,0.236,85.9,0.235,19.6,-44.4,-35.0,IN-DEL,5.2,critical
ACU-000389,2026-03-02 11:00:00,MSCU-9373326,none,0.081,153.3,0.231,14.5,-50.3,-36.0,JP-YOK,5.3,normal
ACU-000390,2026-01-15 14:00:00,MSCU-7545212,none,0.28,62.6,0.184,5.3,-47.5,-58.5,TH-LCH,7.0,normal
ACU-000391,2026-01-29 15:00:00,MSCU-2977069,none,0.011,244.4,0.24,18.8,-55.4,-47.1,IN-PUN,4.2,normal
ACU-000392,2026-03-29 21:00:00,MSCU-7545212,none,0.251,288.7,0.172,18.1,-55.2,-41.0,MY-PTG,3.6,normal
ACU-000393,2026-02-24 22:00:00,MSCU-6699097,none,0.308,83.2,0.234,7.8,-65.4,-35.1,IN-PUN,4.1,normal
ACU-000394,2026-01-31 22:00:00,MSCU-5062082,refrigeration_failure,0.911,829.1,0.683,179.5,-17.0,-5.5,IN-JNPT,6.9,warning
ACU-000395,2026-01-13 22:00:00,MSCU-1059145,none,0.323,127.1,0.207,19.9,-49.7,-41.3,AE-DXB,6.9,normal
ACU-000396,2026-01-31 01:00:00,MSCU-4966023,none,0.205,118.5,0.168,25.7,-69.9,-58.6,SG-SIN,3.6,critical
ACU-000397,2026-01-19 19:00:00,MSCU-6994190,none,0.294,215.9,0.157,25.1,-66.2,-63.0,IN-MUM,4.0,warning
ACU-000398,2026-03-19 22:00:00,MSCU-8501515,none,0.316,251.9,0.148,5.7,-42.8,-59.6,JP-YOK,7.5,warning
ACU-000399,2026-04-11 06:00:00,MSCU-8268588,none,0.082,55.6,0.198,11.7,-47.7,-59.5,DE-HAM,5.8,warning
ACU-000400,2026-02-06 03:00:00,MSCU-7065435,none,0.278,114.9,0.287,7.4,-50.5,-51.9,IN-BLR,2.1,critical
ACU-000401,2026-02-08 18:00:00,MSCU-3360959,none,0.33,131.4,0.123,12.7,-55.0,-64.9,IN-DEL,4.9,normal
ACU-000402,2026-04-30 23:00:00,MSCU-1216324,none,0.089,140.2,0.22,17.5,-54.6,-58.6,IN-GAU,3.8,warning
ACU-000403,2026-03-25 11:00:00,MSCU-8264610,none,0.23,230.7,0.28,8.5,-44.7,-38.2,JP-YOK,6.3,critical
ACU-000404,2026-02-13 05:00:00,MSCU-8268588,none,0.306,115.0,0.251,18.9,-59.2,-64.3,IN-HAZ,7.3,normal
ACU-000405,2026-03-21 07:00:00,MSCU-5793405,none,0.067,108.8,0.125,20.7,-41.8,-63.3,IN-KND,7.5,warning
ACU-000406,2026-01-17 17:00:00,MSCU-2105627,none,0.223,290.8,0.143,23.9,-53.2,-38.6,TH-LCH,2.9,normal
ACU-000407,2026-04-16 19:00:00,MSCU-7783528,none,0.305,203.8,0.266,6.6,-58.5,-58.3,CN-NGB,6.3,normal
ACU-000408,2026-03-08 10:00:00,MSCU-8264610,none,0.12,151.7,0.214,19.0,-42.2,-49.9,CN-NGB,6.1,warning
ACU-000409,2026-03-05 23:00:00,MSCU-6531794,none,0.233,97.3,0.082,10.7,-52.2,-48.0,MY-PTG,4.5,normal
ACU-000410,2026-04-14 04:00:00,MSCU-3360959,none,0.324,198.0,0.221,29.9,-61.3,-39.0,MY-PTG,7.6,warning
ACU-000411,2026-04-08 07:00:00,MSCU-7178769,none,0.185,288.3,0.239,27.8,-48.6,-61.0,LK-CMB,5.8,critical
ACU-000412,2026-02-18 23:00:00,MSCU-6531794,none,0.187,282.7,0.102,6.1,-52.2,-53.1,JP-YOK,8.0,normal
ACU-000413,2026-02-19 10:00:00,MSCU-4122844,none,0.35,50.5,0.147,5.3,-41.4,-50.3,US-LAX,3.1,normal
ACU-000414,2026-03-06 21:00:00,MSCU-7621168,none,0.162,268.0,0.248,19.4,-69.3,-37.6,CN-NGB,5.5,warning
ACU-000415,2026-03-27 08:00:00,MSCU-5793405,none,0.145,140.0,0.063,24.5,-42.4,-41.5,MY-PTG,2.7,normal
ACU-000416,2026-02-13 03:00:00,MSCU-7678047,none,0.136,63.5,0.216,9.2,-55.1,-64.5,IN-MUM,2.7,normal
ACU-000417,2026-01-30 11:00:00,MSCU-9303351,none,0.183,78.0,0.121,16.9,-40.3,-38.5,IN-DEL,6.7,normal
ACU-000418,2026-04-10 14:00:00,MSCU-6813611,none,0.34,146.9,0.091,17.1,-52.9,-62.7,SG-SIN,3.9,normal
ACU-000419,2026-03-19 02:00:00,MSCU-7460311,none,0.254,273.3,0.125,29.0,-54.8,-42.4,AE-DXB,3.1,critical
ACU-000420,2026-01-25 17:00:00,MSCU-5519286,refrigeration_failure,0.871,2256.1,0.782,79.6,-35.5,-7.9,LK-CMB,5.6,normal
ACU-000421,2026-01-25 23:00:00,MSCU-8501515,none,0.346,61.1,0.12,20.9,-63.9,-47.6,IN-PAR,6.3,normal
ACU-000422,2026-01-02 19:00:00,MSCU-6531794,cargo_shift,0.768,2962.1,0.648,135.7,-16.6,-23.3,IN-HYD,7.4,normal
ACU-000423,2026-03-17 12:00:00,MSCU-5020202,none,0.322,63.7,0.085,16.0,-47.5,-44.6,IN-HAZ,3.0,normal
ACU-000424,2026-04-04 09:00:00,MSCU-4451663,none,0.138,117.1,0.262,12.0,-45.5,-54.9,TH-LCH,2.0,normal
ACU-000425,2026-04-19 23:00:00,MSCU-6531794,none,0.231,174.0,0.275,25.3,-62.5,-39.0,CN-SZX,2.8,normal
ACU-000426,2026-03-21 02:00:00,MSCU-1059145,none,0.003,287.6,0.122,15.8,-53.8,-57.5,DE-HAM,5.1,normal
ACU-000427,2026-03-15 03:00:00,MSCU-7575441,none,0.014,221.2,0.159,25.5,-55.3,-44.5,IN-VIZ,6.3,normal
ACU-000428,2026-04-24 04:00:00,MSCU-8886179,none,0.307,86.1,0.2,22.1,-62.9,-58.8,IN-PAR,4.0,normal
ACU-000429,2026-04-06 12:00:00,MSCU-8501515,none,0.189,295.6,0.136,24.4,-64.1,-39.3,CN-SZX,5.2,normal
ACU-000430,2026-04-04 09:00:00,MSCU-1059145,none,0.143,276.6,0.084,21.6,-58.2,-59.4,JP-YOK,4.8,normal
ACU-000431,2026-01-28 06:00:00,MSCU-7575441,none,0.131,170.2,0.223,23.2,-56.8,-46.2,US-NYC,2.1,normal
ACU-000432,2026-01-25 17:00:00,MSCU-8403564,none,0.311,89.4,0.193,20.4,-56.1,-52.2,IN-MUM,3.7,normal
ACU-000433,2026-03-29 05:00:00,MSCU-7178769,none,0.165,225.2,0.298,6.3,-42.6,-49.2,SG-SIN,3.9,critical
ACU-000434,2026-02-13 17:00:00,MSCU-4122844,none,0.126,219.5,0.072,22.3,-56.1,-60.9,IN-HYD,7.0,normal
ACU-000435,2026-03-06 14:00:00,MSCU-5817825,none,0.343,97.0,0.156,8.3,-53.2,-35.5,KR-BUS,6.0,critical
ACU-000436,2026-03-23 15:00:00,MSCU-8264610,none,0.221,228.4,0.197,19.3,-66.3,-63.9,ZA-DUR,5.0,warning
ACU-000437,2026-01-30 05:00:00,MSCU-4454340,none,0.076,82.9,0.234,29.9,-50.9,-50.8,TH-LCH,7.3,normal
ACU-000438,2026-04-05 22:00:00,MSCU-8214394,none,0.257,117.2,0.274,19.0,-66.1,-36.3,IN-VIZ,5.5,warning
ACU-000439,2026-02-08 18:00:00,MSCU-9063638,seal_broken,0.954,1541.3,0.863,138.3,-37.9,-15.7,US-NYC,7.5,normal
ACU-000440,2026-03-09 03:00:00,MSCU-5736108,cargo_shift,0.847,3883.1,0.636,193.3,-28.4,-12.0,IN-VIZ,7.4,warning
ACU-000441,2026-02-03 04:00:00,MSCU-6994190,none,0.212,71.4,0.151,20.6,-62.6,-54.2,DE-HAM,3.5,warning
ACU-000442,2026-01-08 19:00:00,MSCU-4572711,none,0.349,265.8,0.268,14.6,-47.2,-60.9,TH-LCH,3.9,normal
ACU-000443,2026-01-21 13:00:00,MSCU-7717140,none,0.075,207.8,0.294,26.8,-69.5,-53.6,JP-YOK,7.6,critical
ACU-000444,2026-01-30 18:00:00,MSCU-6206423,tamper_detected,0.672,2504.1,0.681,97.2,-27.4,-8.4,IN-KND,7.2,normal
ACU-000445,2026-01-01 21:00:00,MSCU-7575441,none,0.018,222.2,0.203,21.1,-65.4,-46.2,MY-PTG,5.9,normal
ACU-000446,2026-04-16 06:00:00,MSCU-8264610,none,0.301,224.8,0.133,27.7,-51.0,-64.8,CN-NGB,5.0,normal
ACU-000447,2026-03-28 16:00:00,MSCU-5519286,none,0.019,99.1,0.294,10.9,-59.0,-60.9,JP-YOK,2.1,normal
ACU-000448,2026-04-28 18:00:00,MSCU-9820791,none,0.243,257.3,0.107,8.7,-50.1,-39.1,IN-VIZ,2.1,normal
ACU-000449,2026-03-23 06:00:00,MSCU-3894694,none,0.106,231.2,0.103,14.8,-57.3,-61.1,IN-JNPT,6.5,normal
ACU-000450,2026-02-08 19:00:00,MSCU-7460311,none,0.099,118.2,0.147,23.8,-54.8,-35.2,IN-VIZ,7.2,critical
ACU-000451,2026-01-29 15:00:00,MSCU-7678047,none,0.179,69.9,0.207,8.8,-42.8,-57.9,IN-BLR,2.3,normal
ACU-000452,2026-03-07 00:00:00,MSCU-1059145,none,0.268,105.3,0.157,12.5,-65.6,-47.7,IN-GAU,5.3,normal
ACU-000453,2026-02-11 08:00:00,MSCU-1059145,none,0.129,92.0,0.193,17.7,-63.7,-55.3,MY-PTG,3.8,critical
ACU-000454,2026-02-14 00:00:00,MSCU-4454340,none,0.327,216.1,0.158,27.4,-44.9,-35.4,IN-VIZ,4.6,normal
ACU-000455,2026-03-26 04:00:00,MSCU-7817990,none,0.156,154.9,0.113,10.5,-61.6,-63.4,IN-TUT,5.6,normal
ACU-000456,2026-01-27 18:00:00,MSCU-4821265,none,0.343,203.3,0.145,24.5,-64.5,-45.7,CN-NGB,4.0,critical
ACU-000457,2026-03-25 05:00:00,MSCU-5793405,none,0.319,63.7,0.221,18.7,-62.2,-47.0,LK-CMB,4.4,normal
ACU-000458,2026-04-07 04:00:00,MSCU-7101757,none,0.068,190.9,0.212,28.0,-67.6,-46.3,IN-MUN,7.9,warning
ACU-000459,2026-01-10 05:00:00,MSCU-7717140,none,0.113,54.0,0.151,28.1,-54.8,-56.3,IN-VIZ,7.8,critical
ACU-000460,2026-01-28 00:00:00,MSCU-8121127,seal_broken,0.695,3455.4,0.736,189.2,-26.7,-17.6,IN-HAZ,4.0,normal
ACU-000461,2026-01-13 16:00:00,MSCU-7817990,none,0.34,170.4,0.159,8.1,-61.2,-60.5,CN-SZX,5.9,normal
ACU-000462,2026-04-04 04:00:00,MSCU-1216324,none,0.172,100.3,0.265,18.1,-63.0,-43.0,TH-LCH,3.5,normal
ACU-000463,2026-01-01 15:00:00,MSCU-7178769,none,0.199,290.7,0.263,8.0,-42.6,-49.5,IN-GAU,7.1,normal
ACU-000464,2026-01-16 10:00:00,MSCU-4821265,none,0.29,174.6,0.206,27.8,-46.6,-62.6,IN-KOC,6.5,critical
ACU-000465,2026-01-14 11:00:00,MSCU-3633276,none,0.105,217.2,0.262,13.7,-68.2,-63.4,IN-KND,4.3,critical
ACU-000466,2026-02-17 14:00:00,MSCU-4454340,none,0.005,247.9,0.188,12.8,-65.2,-61.5,CN-SHA,5.1,warning
ACU-000467,2026-04-25 13:00:00,MSCU-7783528,none,0.121,264.0,0.196,13.6,-45.0,-38.4,SG-SIN,3.4,warning
ACU-000468,2026-04-17 00:00:00,MSCU-8501515,none,0.007,249.0,0.11,11.0,-68.7,-57.7,CN-NGB,2.7,normal
ACU-000469,2026-03-18 21:00:00,MSCU-9063638,none,0.028,89.9,0.287,21.5,-69.7,-54.0,IN-MUM,2.7,critical
ACU-000470,2026-04-13 20:00:00,MSCU-9481930,none,0.038,288.8,0.173,13.1,-69.8,-59.4,IN-MUN,5.3,warning
ACU-000471,2026-02-12 04:00:00,MSCU-6540015,none,0.195,82.4,0.199,10.2,-40.3,-58.5,LK-CMB,4.7,normal
ACU-000472,2026-02-24 05:00:00,MSCU-8268588,none,0.303,213.7,0.149,18.3,-40.3,-62.9,IN-HYD,4.6,warning
ACU-000473,2026-04-05 00:00:00,MSCU-7101757,none,0.033,106.5,0.127,7.5,-66.1,-37.1,CN-SZX,4.3,critical
ACU-000474,2026-03-29 14:00:00,MSCU-9379725,none,0.299,252.5,0.06,24.0,-50.4,-38.2,IN-KOL,7.1,normal
ACU-000475,2026-02-13 10:00:00,MSCU-4572711,none,0.005,294.9,0.125,9.8,-48.0,-51.5,IN-TUT,7.3,normal
ACU-000476,2026-03-22 05:00:00,MSCU-7994562,none,0.225,281.4,0.09,12.5,-51.9,-63.3,IN-MUN,2.2,critical
ACU-000477,2026-04-16 00:00:00,MSCU-6813611,none,0.045,273.8,0.228,14.4,-49.0,-50.3,IN-PUN,3.4,warning
ACU-000478,2026-04-07 11:00:00,MSCU-4454340,none,0.061,256.6,0.05,29.8,-56.8,-61.4,IN-HYD,3.2,critical
ACU-000479,2026-04-21 02:00:00,MSCU-5793405,none,0.013,229.2,0.299,11.4,-56.2,-62.6,CN-SZX,5.9,normal
ACU-000480,2026-03-21 03:00:00,MSCU-1498984,none,0.125,113.7,0.188,23.5,-67.5,-43.4,IN-PUN,7.9,critical
ACU-000481,2026-03-26 22:00:00,MSCU-7523748,water_ingress,0.954,2321.9,0.926,116.8,-26.5,-5.0,IN-DEL,3.0,normal
ACU-000482,2026-01-18 18:00:00,MSCU-7621168,none,0.011,203.4,0.175,27.2,-55.0,-62.6,IN-VIZ,3.6,normal
ACU-000483,2026-03-09 14:00:00,MSCU-9373326,none,0.202,55.6,0.228,15.7,-56.3,-55.6,IN-VIZ,5.5,normal
ACU-000484,2026-01-02 20:00:00,MSCU-3894694,none,0.282,248.9,0.08,19.9,-54.7,-58.9,IN-PAR,5.7,critical
ACU-000485,2026-01-23 15:00:00,MSCU-6417341,none,0.231,105.4,0.249,16.2,-43.0,-41.7,NL-RTM,6.6,critical
ACU-000486,2026-02-22 20:00:00,MSCU-2154574,none,0.211,187.2,0.144,24.8,-67.6,-56.5,SG-SIN,4.4,warning
ACU-000487,2026-02-13 17:00:00,MSCU-1218132,none,0.271,114.0,0.088,8.7,-60.0,-58.7,IN-KOL,2.6,normal
ACU-000488,2026-01-11 11:00:00,MSCU-7621168,none,0.188,263.1,0.238,8.5,-52.7,-38.7,IN-PAR,2.7,normal
ACU-000489,2026-01-20 00:00:00,MSCU-8501515,none,0.031,175.0,0.113,19.2,-55.3,-40.7,SG-SIN,2.8,normal
ACU-000490,2026-04-17 14:00:00,MSCU-1151797,none,0.341,269.2,0.29,26.8,-50.3,-46.5,IN-PUN,2.6,warning
ACU-000491,2026-04-18 20:00:00,MSCU-4891129,none,0.019,200.3,0.26,24.8,-49.3,-58.4,IN-KOC,2.6,warning
ACU-000492,2026-03-21 09:00:00,MSCU-6531794,none,0.138,188.2,0.16,28.1,-65.4,-49.2,ZA-DUR,8.0,normal
ACU-000493,2026-03-31 10:00:00,MSCU-4572711,none,0.02,149.8,0.196,6.7,-64.8,-48.5,IN-JNPT,5.5,normal
ACU-000494,2026-04-10 15:00:00,MSCU-1498984,none,0.127,167.4,0.253,18.8,-47.5,-35.2,US-LAX,5.9,critical
ACU-000495,2026-04-23 11:00:00,MSCU-6540015,none,0.241,193.8,0.225,28.1,-68.3,-48.9,IN-KND,6.8,critical
ACU-000496,2026-02-17 12:00:00,MSCU-9379725,none,0.131,172.6,0.074,19.8,-62.8,-47.9,IN-PAR,4.4,critical
ACU-000497,2026-04-29 10:00:00,MSCU-6813611,none,0.088,100.2,0.155,11.1,-61.9,-59.9,IN-KOC,5.5,normal
ACU-000498,2026-03-19 19:00:00,MSCU-5521644,none,0.151,114.6,0.227,23.9,-40.5,-60.0,US-NYC,5.2,normal
ACU-000499,2026-03-11 20:00:00,MSCU-6540015,none,0.073,117.6,0.293,28.9,-41.4,-51.3,IN-KOC,2.2,normal
ACU-000500,2026-02-12 05:00:00,MSCU-2731407,none,0.348,72.8,0.191,18.4,-51.8,-64.9,IN-HYD,5.0,normal
ACU-000501,2026-02-08 18:00:00,MSCU-5062082,none,0.252,130.6,0.066,22.3,-67.2,-45.0,IN-PUN,3.3,warning
ACU-000502,2026-02-11 03:00:00,MSCU-7523748,none,0.229,234.7,0.066,5.1,-43.1,-39.2,IN-MUM,3.3,normal
ACU-000503,2026-03-11 06:00:00,MSCU-7523748,none,0.349,71.3,0.167,8.4,-43.4,-62.0,SG-SIN,4.3,normal
ACU-000504,2026-01-15 19:00:00,MSCU-7101757,none,0.213,287.3,0.143,28.9,-40.1,-35.9,IN-COK,6.5,warning
ACU-000505,2026-02-23 20:00:00,MSCU-4451663,none,0.249,285.1,0.23,16.7,-57.8,-44.6,CN-SHA,6.1,normal
ACU-000506,2026-01-22 04:00:00,MSCU-4966023,none,0.226,82.2,0.247,18.6,-42.0,-40.4,IN-COK,4.4,normal
ACU-000507,2026-03-28 22:00:00,MSCU-1498984,refrigeration_failure,0.761,889.3,0.899,60.5,-39.4,-7.8,IN-KOC,5.0,warning
ACU-000508,2026-04-14 01:00:00,MSCU-1218132,none,0.316,155.2,0.056,23.0,-40.8,-51.9,IN-MUN,2.4,normal
ACU-000509,2026-03-07 21:00:00,MSCU-9481930,none,0.234,221.4,0.179,14.9,-44.4,-42.0,ZA-DUR,4.6,normal
ACU-000510,2026-04-03 16:00:00,MSCU-6813611,none,0.304,213.1,0.104,7.1,-55.3,-45.5,IN-COK,4.0,normal
ACU-000511,2026-01-06 01:00:00,MSCU-8268588,none,0.091,248.4,0.129,23.0,-61.2,-51.4,ZA-DUR,4.1,normal
ACU-000512,2026-01-07 06:00:00,MSCU-7317053,none,0.324,289.5,0.294,11.8,-45.2,-45.5,ZA-DUR,6.6,normal
ACU-000513,2026-03-07 07:00:00,MSCU-8264610,none,0.32,216.0,0.154,9.6,-57.2,-59.1,IN-KOL,7.8,critical
ACU-000514,2026-03-07 00:00:00,MSCU-4454340,none,0.284,91.1,0.22,9.3,-65.7,-51.1,DE-HAM,4.1,normal
ACU-000515,2026-01-27 10:00:00,MSCU-6417341,none,0.168,80.5,0.247,9.6,-53.1,-63.6,LK-CMB,7.8,normal
ACU-000516,2026-02-18 01:00:00,MSCU-3466340,none,0.27,190.1,0.053,27.5,-59.5,-36.1,IN-GAU,5.9,normal
ACU-000517,2026-03-27 00:00:00,MSCU-5793405,none,0.001,281.1,0.124,6.9,-40.3,-58.9,IN-KND,2.9,normal
ACU-000518,2026-03-25 23:00:00,MSCU-5817825,none,0.199,75.0,0.244,22.0,-50.4,-43.7,CN-SZX,5.2,normal
ACU-000519,2026-02-28 15:00:00,MSCU-2157484,none,0.026,295.8,0.25,22.3,-43.0,-35.3,IN-KOC,7.0,critical
ACU-000520,2026-04-17 18:00:00,MSCU-5736108,none,0.271,234.5,0.163,11.8,-67.5,-61.9,JP-YOK,6.5,normal
ACU-000521,2026-01-15 12:00:00,MSCU-1506128,none,0.048,262.7,0.105,6.8,-56.3,-48.6,MY-PTG,5.2,normal
ACU-000522,2026-02-06 00:00:00,MSCU-8268588,none,0.07,106.7,0.147,9.0,-44.6,-64.1,IN-PUN,6.0,normal
ACU-000523,2026-02-08 21:00:00,MSCU-9481930,none,0.284,240.9,0.126,21.4,-46.3,-50.1,SG-SIN,5.0,normal
ACU-000524,2026-04-06 17:00:00,MSCU-8403564,none,0.211,77.5,0.299,26.3,-47.0,-40.8,IN-KND,2.1,warning
ACU-000525,2026-04-28 02:00:00,MSCU-8886179,none,0.188,66.7,0.274,17.9,-52.2,-56.9,IN-TUT,5.2,normal
ACU-000526,2026-03-30 09:00:00,MSCU-7065435,none,0.258,78.2,0.278,25.0,-56.8,-44.6,CN-SHA,4.4,normal
ACU-000527,2026-02-17 20:00:00,MSCU-4966023,none,0.343,266.9,0.192,28.6,-48.5,-64.8,US-LAX,7.4,warning
ACU-000528,2026-03-04 00:00:00,MSCU-2157484,none,0.027,104.4,0.078,13.1,-47.7,-48.9,IN-DEL,5.6,warning
ACU-000529,2026-01-20 02:00:00,MSCU-5519286,water_ingress,0.692,3808.0,0.749,71.4,-14.8,-14.0,IN-PUN,6.4,warning
ACU-000530,2026-04-20 19:00:00,MSCU-1498984,none,0.347,205.5,0.296,18.2,-45.6,-52.5,SG-SIN,2.8,normal
ACU-000531,2026-02-13 22:00:00,MSCU-9373326,none,0.255,209.9,0.059,22.4,-53.0,-46.5,LK-CMB,6.0,normal
ACU-000532,2026-03-06 21:00:00,MSCU-1059145,none,0.158,115.2,0.114,23.2,-59.1,-59.9,CN-SZX,3.6,warning
ACU-000533,2026-02-05 05:00:00,MSCU-7545212,none,0.337,117.3,0.156,5.1,-42.2,-40.7,NL-RTM,4.2,normal
ACU-000534,2026-04-01 09:00:00,MSCU-2977069,structural_stress,0.965,3551.8,0.705,54.1,-30.8,-5.3,IN-BLR,2.7,normal
ACU-000535,2026-04-30 19:00:00,MSCU-7994562,none,0.215,267.0,0.053,17.5,-43.2,-55.4,IN-KOL,4.1,warning
ACU-000536,2026-04-19 17:00:00,MSCU-9009938,tamper_detected,0.829,988.5,0.641,107.3,-17.4,-18.1,LK-CMB,7.8,normal
ACU-000537,2026-02-24 19:00:00,MSCU-8268588,none,0.138,284.3,0.189,23.3,-48.3,-49.2,IN-HYD,4.7,critical
ACU-000538,2026-02-05 18:00:00,MSCU-4891129,none,0.254,175.0,0.095,23.0,-61.5,-58.5,IN-KOL,3.4,normal
ACU-000539,2026-01-12 08:00:00,MSCU-1151797,none,0.004,154.5,0.058,23.8,-43.0,-53.7,IN-HYD,3.1,critical
ACU-000540,2026-03-05 17:00:00,MSCU-7717140,none,0.21,267.6,0.063,9.9,-54.8,-36.5,IN-MUN,4.9,normal
ACU-000541,2026-04-24 02:00:00,MSCU-4122844,none,0.144,298.3,0.147,24.0,-62.0,-42.3,US-NYC,3.0,normal
ACU-000542,2026-01-20 00:00:00,MSCU-7717140,none,0.099,257.8,0.054,12.7,-63.2,-44.3,US-NYC,4.9,normal
ACU-000543,2026-01-08 20:00:00,MSCU-2154574,none,0.226,157.5,0.134,18.0,-52.7,-56.8,AE-DXB,3.5,critical
ACU-000544,2026-03-14 16:00:00,MSCU-3427728,none,0.004,121.9,0.124,26.7,-57.8,-50.1,IN-PAR,4.7,critical
ACU-000545,2026-04-28 11:00:00,MSCU-9373326,none,0.306,168.4,0.297,20.3,-40.3,-52.4,IN-CHN,6.1,normal
ACU-000546,2026-03-23 22:00:00,MSCU-8264610,none,0.101,59.2,0.242,24.1,-50.0,-59.3,IN-DEL,3.5,normal
ACU-000547,2026-04-22 08:00:00,MSCU-3466340,refrigeration_failure,0.73,2095.2,0.825,180.5,-24.1,-22.1,TH-LCH,4.2,normal
ACU-000548,2026-01-22 17:00:00,MSCU-8214394,none,0.049,127.7,0.275,17.0,-52.7,-35.9,IN-KND,2.9,warning
ACU-000549,2026-02-02 12:00:00,MSCU-6176201,none,0.004,266.7,0.122,19.0,-61.0,-39.6,IN-COK,3.7,normal
ACU-000550,2026-01-29 06:00:00,MSCU-6206423,none,0.215,204.7,0.235,17.0,-46.0,-57.6,IN-VIZ,6.6,normal
ACU-000551,2026-01-14 16:00:00,MSCU-4154697,none,0.184,115.0,0.171,8.1,-52.3,-60.7,IN-GAU,6.3,critical
ACU-000552,2026-01-12 21:00:00,MSCU-7101757,none,0.227,182.1,0.084,19.5,-54.2,-60.2,DE-HAM,6.4,warning
ACU-000553,2026-04-13 21:00:00,MSCU-6540015,water_ingress,0.75,772.3,0.907,90.1,-35.1,-27.2,CN-SHA,6.8,warning
ACU-000554,2026-03-26 13:00:00,MSCU-2731407,none,0.15,256.6,0.176,23.1,-44.6,-36.9,AE-DXB,3.8,normal
ACU-000555,2026-04-13 09:00:00,MSCU-8264610,none,0.232,110.8,0.123,21.8,-46.4,-50.0,IN-GAU,4.0,normal
ACU-000556,2026-04-10 22:00:00,MSCU-5020202,seal_broken,0.867,328.2,0.988,160.0,-39.7,-30.2,IN-KND,6.9,warning
ACU-000557,2026-02-10 21:00:00,MSCU-5736108,none,0.197,196.1,0.232,8.2,-45.5,-48.7,IN-HYD,6.9,critical
ACU-000558,2026-02-23 06:00:00,MSCU-6531794,none,0.165,152.8,0.073,15.2,-61.5,-39.7,IN-KND,5.0,normal
ACU-000559,2026-02-18 19:00:00,MSCU-3854054,none,0.167,120.3,0.298,28.6,-47.1,-39.1,DE-HAM,4.5,warning
ACU-000560,2026-02-21 16:00:00,MSCU-2563568,none,0.232,249.6,0.228,11.6,-62.7,-46.6,US-LAX,3.2,critical
ACU-000561,2026-01-16 01:00:00,MSCU-9009938,none,0.302,64.7,0.096,28.4,-60.2,-45.8,IN-COK,5.6,warning
ACU-000562,2026-02-25 07:00:00,MSCU-5020202,none,0.021,295.2,0.293,5.2,-61.9,-49.0,IN-PAR,5.2,warning
ACU-000563,2026-03-20 00:00:00,MSCU-7460311,none,0.039,145.3,0.193,9.3,-65.0,-39.0,US-LAX,3.6,normal
ACU-000564,2026-04-12 06:00:00,MSCU-3430254,none,0.111,171.7,0.254,27.3,-68.6,-61.9,IN-TUT,5.2,warning
ACU-000565,2026-04-01 21:00:00,MSCU-2977069,none,0.17,184.6,0.125,6.8,-68.4,-57.5,CN-SZX,6.3,normal
ACU-000566,2026-04-26 23:00:00,MSCU-1059145,none,0.1,181.9,0.166,27.3,-52.9,-50.6,CN-SHA,2.7,warning
ACU-000567,2026-01-10 19:00:00,MSCU-6243426,none,0.301,186.1,0.137,19.3,-47.9,-62.7,IN-DEL,6.2,warning
ACU-000568,2026-01-16 13:00:00,MSCU-8214394,none,0.134,294.4,0.232,20.7,-54.3,-47.6,IN-MUN,3.8,normal
ACU-000569,2026-04-05 18:00:00,MSCU-8264610,none,0.272,163.5,0.114,23.5,-52.3,-61.6,IN-GAU,6.4,normal
ACU-000570,2026-04-09 02:00:00,MSCU-3430254,none,0.263,165.9,0.237,29.8,-62.3,-63.0,IN-DEL,3.2,normal
ACU-000571,2026-01-15 00:00:00,MSCU-8403564,none,0.268,265.0,0.238,5.9,-46.2,-61.1,NL-RTM,7.2,warning
ACU-000572,2026-04-16 04:00:00,MSCU-4451663,none,0.278,223.6,0.209,14.9,-59.9,-51.8,AE-DXB,5.1,normal
ACU-000573,2026-02-04 00:00:00,MSCU-5748950,none,0.156,114.5,0.098,16.8,-69.7,-49.4,IN-PUN,6.3,warning
ACU-000574,2026-04-17 00:00:00,MSCU-6813611,none,0.238,231.4,0.091,22.4,-51.9,-52.3,AE-DXB,7.1,critical
ACU-000575,2026-02-26 10:00:00,MSCU-4966023,none,0.296,264.4,0.218,7.5,-43.1,-57.3,AE-DXB,7.0,warning
ACU-000576,2026-01-17 21:00:00,MSCU-7678047,none,0.225,233.0,0.065,23.3,-47.1,-51.3,IN-KND,2.2,normal
ACU-000577,2026-03-03 20:00:00,MSCU-5020202,none,0.249,141.8,0.132,14.2,-42.3,-38.6,IN-MUN,2.1,normal
ACU-000578,2026-03-20 23:00:00,MSCU-6243426,none,0.198,119.7,0.172,19.8,-45.1,-44.8,ZA-DUR,4.8,normal
ACU-000579,2026-01-21 10:00:00,MSCU-6243426,none,0.096,181.7,0.203,17.2,-41.8,-55.3,IN-KOL,7.4,normal
ACU-000580,2026-04-13 00:00:00,MSCU-5817825,none,0.028,206.5,0.181,14.2,-44.3,-52.4,DE-HAM,3.1,normal
ACU-000581,2026-01-01 11:00:00,MSCU-5062082,tamper_detected,0.903,2399.0,0.815,153.6,-26.2,-29.4,LK-CMB,3.0,normal
ACU-000582,2026-04-05 18:00:00,MSCU-3360959,none,0.034,170.0,0.271,23.4,-54.0,-52.2,IN-BLR,7.1,normal
ACU-000583,2026-01-11 17:00:00,MSCU-3360959,tamper_detected,0.767,1545.0,0.63,176.4,-33.9,-33.4,IN-MUM,6.4,normal
ACU-000584,2026-04-12 14:00:00,MSCU-8268588,none,0.142,260.7,0.194,9.2,-63.8,-36.9,IN-PAR,2.6,critical
ACU-000585,2026-01-04 08:00:00,MSCU-3633276,none,0.172,273.9,0.286,25.2,-61.2,-50.3,IN-VIZ,5.8,normal
ACU-000586,2026-03-30 13:00:00,MSCU-1228831,none,0.299,165.8,0.163,26.7,-45.6,-46.3,IN-JNPT,6.4,normal
ACU-000587,2026-03-05 03:00:00,MSCU-4122844,none,0.104,102.6,0.2,25.4,-61.5,-61.0,KR-BUS,2.4,normal
ACU-000588,2026-02-28 18:00:00,MSCU-9379725,none,0.009,138.5,0.201,25.2,-42.0,-53.6,IN-GAU,6.8,normal
ACU-000589,2026-02-15 12:00:00,MSCU-5817825,water_ingress,0.748,784.8,0.937,172.5,-34.5,-18.7,IN-COK,4.1,warning
ACU-000590,2026-02-10 11:00:00,MSCU-7575441,none,0.19,274.0,0.082,18.0,-55.9,-35.7,JP-YOK,4.1,critical
ACU-000591,2026-01-01 16:00:00,MSCU-8121127,none,0.29,120.0,0.119,11.2,-55.7,-36.1,AE-DXB,3.7,normal
ACU-000592,2026-04-26 21:00:00,MSCU-1059145,none,0.022,103.7,0.091,27.5,-53.1,-35.8,MY-PTG,4.7,normal
ACU-000593,2026-03-26 14:00:00,MSCU-6813611,none,0.041,195.0,0.105,27.4,-58.1,-53.3,US-LAX,5.2,warning
ACU-000594,2026-04-08 15:00:00,MSCU-6206423,water_ingress,0.862,778.6,0.99,159.0,-25.3,-24.9,TH-LCH,5.4,normal
ACU-000595,2026-03-30 09:00:00,MSCU-1059145,none,0.23,172.9,0.067,7.1,-64.0,-61.6,IN-DEL,4.9,critical
ACU-000596,2026-03-29 21:00:00,MSCU-9298985,none,0.202,88.6,0.189,26.1,-68.4,-47.8,IN-AMD,2.3,normal
ACU-000597,2026-01-21 23:00:00,MSCU-7178769,none,0.231,92.9,0.056,18.4,-62.7,-42.2,IN-CHN,7.9,normal
ACU-000598,2026-04-25 09:00:00,MSCU-8886179,none,0.16,88.7,0.116,22.9,-69.2,-46.3,ZA-DUR,2.5,normal
ACU-000599,2026-02-16 20:00:00,MSCU-6813611,none,0.003,226.1,0.145,15.3,-51.0,-43.1,IN-HAZ,2.6,warning
ACU-000600,2026-02-16 10:00:00,MSCU-1506128,none,0.083,130.3,0.274,5.7,-49.1,-47.5,TH-LCH,6.3,warning
ACU-000601,2026-02-10 16:00:00,MSCU-4454340,seal_broken,0.919,3139.1,0.906,119.0,-12.6,-31.7,US-LAX,5.8,normal
ACU-000602,2026-01-02 04:00:00,MSCU-4966023,none,0.323,143.2,0.065,8.2,-55.2,-52.1,CN-NGB,3.1,normal
ACU-000603,2026-04-28 05:00:00,MSCU-5020202,none,0.274,231.5,0.233,29.6,-55.6,-40.3,IN-CHN,5.4,normal
ACU-000604,2026-03-14 05:00:00,MSCU-7717140,none,0.103,222.0,0.211,29.4,-60.2,-46.3,TH-LCH,7.6,normal
ACU-000605,2026-04-15 21:00:00,MSCU-3360959,none,0.103,288.3,0.128,15.4,-44.7,-39.4,NL-RTM,4.2,critical
ACU-000606,2026-04-14 15:00:00,MSCU-2563568,none,0.294,161.6,0.216,20.8,-45.1,-36.0,NL-RTM,7.7,warning
ACU-000607,2026-03-29 03:00:00,MSCU-9009938,none,0.329,90.0,0.183,23.3,-56.5,-58.3,DE-HAM,4.8,normal
ACU-000608,2026-04-11 09:00:00,MSCU-3633276,none,0.016,242.5,0.238,15.7,-45.1,-40.6,IN-AMD,2.7,normal
ACU-000609,2026-03-02 01:00:00,MSCU-1498984,none,0.045,183.4,0.122,28.6,-69.4,-58.8,IN-JNPT,7.5,normal
ACU-000610,2026-01-18 05:00:00,MSCU-1218132,none,0.338,88.4,0.201,5.1,-42.7,-49.3,IN-JNPT,2.7,warning
ACU-000611,2026-02-15 07:00:00,MSCU-7783528,none,0.282,276.0,0.242,29.9,-67.1,-57.6,AE-DXB,3.9,warning
ACU-000612,2026-01-11 06:00:00,MSCU-3466340,none,0.275,53.6,0.186,6.5,-55.5,-62.8,IN-AMD,6.6,critical
ACU-000613,2026-04-12 21:00:00,MSCU-4454340,none,0.34,122.3,0.226,10.6,-51.8,-61.9,IN-VIZ,6.1,normal
ACU-000614,2026-04-11 14:00:00,MSCU-5780069,none,0.067,245.6,0.102,28.8,-66.5,-50.2,JP-YOK,7.1,warning
ACU-000615,2026-03-11 08:00:00,MSCU-3633276,none,0.121,125.4,0.236,13.3,-61.0,-51.0,IN-PUN,4.5,normal
ACU-000616,2026-01-13 12:00:00,MSCU-5519286,none,0.081,251.1,0.173,29.9,-54.8,-41.7,DE-HAM,5.8,normal
ACU-000617,2026-04-05 16:00:00,MSCU-2157484,none,0.166,132.2,0.237,15.7,-62.5,-37.4,IN-JNPT,5.8,normal
ACU-000618,2026-01-24 21:00:00,MSCU-2607874,none,0.328,60.4,0.134,29.1,-57.3,-44.5,IN-AMD,6.9,normal
ACU-000619,2026-01-08 05:00:00,MSCU-6417341,none,0.292,207.8,0.198,24.3,-51.6,-48.1,IN-PUN,6.3,normal
ACU-000620,2026-02-21 02:00:00,MSCU-7621168,none,0.246,207.4,0.062,6.0,-58.2,-62.6,IN-KND,5.2,normal
ACU-000621,2026-01-08 03:00:00,MSCU-7460311,none,0.312,158.4,0.073,16.4,-40.1,-35.0,IN-PAR,5.7,normal
ACU-000622,2026-04-09 14:00:00,MSCU-7783528,none,0.281,142.9,0.181,28.2,-59.6,-52.2,KR-BUS,6.3,normal
ACU-000623,2026-03-31 22:00:00,MSCU-7178769,none,0.343,115.0,0.122,21.1,-46.9,-61.1,MY-PTG,5.3,normal
ACU-000624,2026-01-20 16:00:00,MSCU-7678047,none,0.168,290.3,0.126,28.6,-50.3,-42.4,CN-SZX,3.7,normal
ACU-000625,2026-04-09 21:00:00,MSCU-5793405,refrigeration_failure,0.917,679.2,0.957,50.5,-16.0,-26.3,CN-SHA,6.7,critical
ACU-000626,2026-04-26 03:00:00,MSCU-6206423,none,0.342,132.6,0.196,28.2,-62.1,-59.0,IN-DEL,2.4,normal
ACU-000627,2026-01-21 12:00:00,MSCU-9373326,none,0.233,211.5,0.252,13.7,-40.6,-53.5,LK-CMB,5.8,critical
ACU-000628,2026-01-02 17:00:00,MSCU-2501037,none,0.097,167.6,0.293,10.8,-49.0,-61.1,CN-SHA,6.3,normal
ACU-000629,2026-01-31 01:00:00,MSCU-7545212,none,0.064,182.5,0.277,12.6,-68.1,-43.7,AE-DXB,6.5,warning
ACU-000630,2026-01-28 08:00:00,MSCU-3633276,none,0.1,223.8,0.218,28.5,-52.5,-63.0,MY-PTG,5.0,critical
ACU-000631,2026-03-14 08:00:00,MSCU-7460311,none,0.055,170.1,0.177,13.4,-49.3,-41.6,JP-YOK,6.0,normal
ACU-000632,2026-04-15 00:00:00,MSCU-3466340,none,0.287,224.3,0.098,16.9,-64.4,-63.9,KR-BUS,2.8,critical
ACU-000633,2026-04-14 14:00:00,MSCU-6417341,none,0.065,142.6,0.12,24.0,-53.4,-45.0,IN-GAU,4.6,normal
ACU-000634,2026-02-13 02:00:00,MSCU-7678047,none,0.24,206.2,0.087,24.6,-51.9,-41.5,IN-HAZ,6.4,normal
ACU-000635,2026-04-18 02:00:00,MSCU-7717140,none,0.07,293.2,0.178,22.3,-67.1,-51.0,KR-BUS,5.5,normal
ACU-000636,2026-03-12 07:00:00,MSCU-1498984,none,0.344,255.3,0.069,29.6,-56.7,-44.4,IN-DEL,3.3,warning
ACU-000637,2026-03-31 07:00:00,MSCU-6417341,cargo_shift,0.891,1616.9,0.92,52.0,-19.5,-25.8,CN-SHA,7.3,normal
ACU-000638,2026-04-17 19:00:00,MSCU-5552172,none,0.251,134.2,0.099,14.8,-58.5,-39.3,LK-CMB,3.8,normal
ACU-000639,2026-01-15 20:00:00,MSCU-2731407,none,0.106,267.1,0.218,26.5,-43.2,-46.1,ZA-DUR,6.9,normal
ACU-000640,2026-02-18 16:00:00,MSCU-9009938,none,0.182,132.8,0.203,16.6,-44.5,-43.6,IN-HAZ,5.7,critical
ACU-000641,2026-02-16 00:00:00,MSCU-2154574,none,0.024,200.9,0.063,16.9,-56.9,-36.8,DE-HAM,2.3,critical
ACU-000642,2026-04-05 02:00:00,MSCU-2154574,structural_stress,0.694,3949.2,0.792,162.1,-18.0,-15.1,IN-PAR,7.6,warning
ACU-000643,2026-01-27 16:00:00,MSCU-9303351,none,0.285,89.3,0.212,18.3,-53.5,-39.6,US-LAX,2.5,warning
ACU-000644,2026-02-02 22:00:00,MSCU-7317053,none,0.173,201.4,0.265,26.1,-53.5,-35.7,IN-PUN,6.3,normal
ACU-000645,2026-01-18 20:00:00,MSCU-9820791,none,0.2,180.0,0.294,28.4,-48.9,-42.2,IN-DEL,7.1,critical
ACU-000646,2026-04-18 15:00:00,MSCU-3466340,refrigeration_failure,0.819,3512.0,0.656,163.4,-13.7,-24.3,IN-CHN,6.2,warning
ACU-000647,2026-01-22 08:00:00,MSCU-2157484,none,0.322,149.9,0.203,5.5,-63.7,-58.0,ZA-DUR,3.1,normal
ACU-000648,2026-03-03 12:00:00,MSCU-3854054,none,0.204,80.5,0.271,22.2,-53.0,-62.5,IN-VIZ,6.1,critical
ACU-000649,2026-04-08 10:00:00,MSCU-5062082,none,0.078,187.8,0.08,28.7,-47.4,-52.3,DE-HAM,2.2,normal
ACU-000650,2026-02-17 03:00:00,MSCU-4572711,none,0.004,292.8,0.212,8.5,-45.8,-35.2,IN-HYD,5.0,normal
ACU-000651,2026-01-18 07:00:00,MSCU-3854054,none,0.191,287.8,0.203,27.1,-60.1,-51.1,IN-MUM,4.2,normal
ACU-000652,2026-01-26 19:00:00,MSCU-3430254,seal_broken,0.734,3397.0,0.864,106.9,-30.1,-7.1,US-NYC,3.9,warning
ACU-000653,2026-01-11 00:00:00,MSCU-7460311,none,0.115,154.3,0.081,29.0,-43.1,-40.9,IN-AMD,2.1,normal
ACU-000654,2026-01-24 19:00:00,MSCU-3633276,none,0.062,173.2,0.087,22.9,-63.3,-43.6,IN-JNPT,2.4,normal
ACU-000655,2026-02-15 03:00:00,MSCU-9481930,seal_broken,0.843,1087.4,0.85,175.8,-20.9,-14.0,KR-BUS,2.4,warning
ACU-000656,2026-02-11 03:00:00,MSCU-1059145,none,0.078,199.3,0.256,16.4,-41.3,-37.4,LK-CMB,5.3,critical
ACU-000657,2026-02-18 22:00:00,MSCU-7178769,none,0.182,279.0,0.18,16.3,-56.6,-61.0,IN-GAU,2.9,critical
ACU-000658,2026-04-05 17:00:00,MSCU-6531794,none,0.289,158.7,0.104,21.5,-44.7,-51.7,IN-VIZ,4.3,normal
ACU-000659,2026-03-24 22:00:00,MSCU-5521644,none,0.096,168.8,0.246,6.5,-65.9,-37.8,IN-KND,5.9,warning
ACU-000660,2026-02-27 10:00:00,MSCU-3633276,none,0.25,191.2,0.092,20.3,-61.3,-46.4,IN-BLR,5.4,normal
ACU-000661,2026-02-14 03:00:00,MSCU-1218132,none,0.17,100.8,0.089,16.6,-67.5,-60.2,NL-RTM,6.7,normal
ACU-000662,2026-03-28 11:00:00,MSCU-3430254,none,0.217,94.7,0.157,14.6,-40.2,-56.9,CN-NGB,4.3,normal
ACU-000663,2026-03-21 04:00:00,MSCU-8403564,water_ingress,0.867,3047.5,0.98,186.0,-23.4,-18.1,IN-BLR,3.2,normal
ACU-000664,2026-02-25 14:00:00,MSCU-9303351,none,0.072,282.8,0.062,8.6,-52.1,-48.7,JP-YOK,6.8,normal
ACU-000665,2026-03-22 13:00:00,MSCU-4451663,none,0.163,132.9,0.253,5.8,-50.0,-57.5,KR-BUS,2.4,normal
ACU-000666,2026-03-06 23:00:00,MSCU-2157484,none,0.063,119.4,0.088,5.7,-59.1,-56.9,ZA-DUR,4.0,normal
ACU-000667,2026-01-07 06:00:00,MSCU-5748950,water_ingress,0.863,911.1,0.635,175.0,-28.0,-15.4,IN-BLR,3.7,critical
ACU-000668,2026-04-15 06:00:00,MSCU-2105627,none,0.204,170.7,0.057,24.6,-52.4,-47.5,IN-KOL,7.9,critical
ACU-000669,2026-01-11 00:00:00,MSCU-3466340,none,0.103,219.9,0.161,22.4,-56.1,-53.5,US-LAX,6.0,warning
ACU-000670,2026-01-12 03:00:00,MSCU-2977069,none,0.1,131.4,0.268,21.2,-50.0,-58.6,IN-KOC,6.4,normal
ACU-000671,2026-01-17 01:00:00,MSCU-9373326,none,0.237,79.6,0.099,14.3,-49.9,-37.9,IN-KOC,2.6,normal
ACU-000672,2026-01-16 12:00:00,MSCU-1216324,none,0.219,126.5,0.066,7.1,-41.1,-40.3,TH-LCH,4.9,normal
ACU-000673,2026-04-14 20:00:00,MSCU-8121127,seal_broken,0.795,628.5,0.664,174.6,-18.4,-20.0,IN-CHN,5.4,critical
ACU-000674,2026-02-06 06:00:00,MSCU-3360959,none,0.157,96.7,0.225,20.9,-46.0,-57.1,IN-PAR,4.1,normal
ACU-000675,2026-02-11 04:00:00,MSCU-2607874,none,0.129,225.1,0.261,6.6,-66.8,-50.1,DE-HAM,4.6,normal
ACU-000676,2026-01-11 03:00:00,MSCU-5748950,none,0.347,235.0,0.169,9.0,-45.1,-64.7,IN-KND,4.0,normal
ACU-000677,2026-01-22 09:00:00,MSCU-2731407,none,0.127,244.0,0.177,18.3,-61.0,-43.6,IN-GAU,5.6,warning
ACU-000678,2026-03-16 22:00:00,MSCU-2563568,none,0.327,266.4,0.064,10.4,-49.8,-40.9,IN-BLR,6.7,normal
ACU-000679,2026-03-11 09:00:00,MSCU-5748950,none,0.224,153.5,0.289,17.2,-45.4,-52.6,IN-KND,2.6,critical
ACU-000680,2026-01-21 11:00:00,MSCU-4154697,none,0.179,127.6,0.21,7.4,-46.7,-47.8,IN-PAR,2.6,warning
ACU-000681,2026-04-07 09:00:00,MSCU-5521644,none,0.263,56.2,0.166,9.1,-64.1,-63.8,IN-MUN,2.3,warning
ACU-000682,2026-03-03 16:00:00,MSCU-6531794,none,0.064,183.1,0.187,10.7,-47.5,-37.5,NL-RTM,6.4,normal
ACU-000683,2026-01-25 14:00:00,MSCU-3633276,none,0.198,249.5,0.089,15.2,-52.4,-62.5,IN-HYD,6.9,warning
ACU-000684,2026-02-22 08:00:00,MSCU-5552172,none,0.1,148.0,0.068,23.5,-66.8,-52.6,MY-PTG,5.6,critical
ACU-000685,2026-02-08 01:00:00,MSCU-9214772,none,0.137,67.2,0.124,15.1,-41.7,-57.0,CN-NGB,6.1,critical
ACU-000686,2026-01-11 07:00:00,MSCU-8403564,none,0.209,162.5,0.152,22.7,-40.3,-54.9,MY-PTG,4.4,warning
ACU-000687,2026-02-22 06:00:00,MSCU-9298985,none,0.116,100.7,0.058,23.3,-43.7,-36.3,IN-MUM,7.9,critical
ACU-000688,2026-03-16 04:00:00,MSCU-5062082,none,0.164,210.1,0.183,12.9,-68.3,-53.7,DE-HAM,7.7,critical
ACU-000689,2026-03-16 11:00:00,MSCU-9298985,none,0.073,106.5,0.119,29.2,-57.7,-43.2,CN-SZX,3.6,normal
ACU-000690,2026-04-22 20:00:00,MSCU-6206423,none,0.054,252.2,0.058,16.3,-51.7,-36.7,MY-PTG,4.5,warning
ACU-000691,2026-01-06 12:00:00,MSCU-6813611,none,0.245,244.2,0.092,6.3,-47.8,-52.4,IN-MUN,2.1,warning
ACU-000692,2026-03-18 11:00:00,MSCU-9481930,none,0.042,117.0,0.199,30.0,-58.1,-53.1,IN-KND,3.2,normal
ACU-000693,2026-03-20 11:00:00,MSCU-8268588,none,0.218,183.8,0.08,19.9,-65.5,-61.1,IN-MUN,3.3,warning
ACU-000694,2026-03-14 22:00:00,MSCU-7317053,none,0.172,167.8,0.29,11.0,-68.4,-64.5,CN-SZX,4.2,normal
ACU-000695,2026-02-08 07:00:00,MSCU-8886179,none,0.251,147.6,0.195,13.5,-62.2,-52.0,IN-PAR,6.1,normal
ACU-000696,2026-02-28 21:00:00,MSCU-1218132,none,0.112,113.3,0.196,19.0,-54.9,-57.8,LK-CMB,7.6,warning
ACU-000697,2026-01-25 08:00:00,MSCU-4154697,none,0.309,55.6,0.229,23.7,-67.9,-50.6,TH-LCH,6.6,critical
ACU-000698,2026-02-28 07:00:00,MSCU-6699097,none,0.131,88.2,0.05,17.5,-53.8,-40.1,IN-PUN,5.8,normal
ACU-000699,2026-01-30 09:00:00,MSCU-6699097,none,0.138,154.2,0.181,29.5,-41.6,-43.9,IN-MUN,2.8,normal
ACU-000700,2026-03-03 17:00:00,MSCU-2563568,water_ingress,0.66,669.2,0.772,148.7,-20.5,-5.6,IN-DEL,6.2,normal
ACU-000701,2026-03-07 05:00:00,MSCU-2154574,none,0.178,193.3,0.15,6.6,-61.4,-40.6,US-NYC,4.7,critical
ACU-000702,2026-03-05 11:00:00,MSCU-5780069,none,0.29,261.9,0.2,27.7,-64.7,-57.1,IN-KOL,2.2,critical
ACU-000703,2026-03-22 14:00:00,MSCU-6813611,none,0.146,109.6,0.219,23.8,-54.4,-60.1,IN-CHN,3.2,normal
ACU-000704,2026-04-05 15:00:00,MSCU-9373326,none,0.256,61.7,0.27,26.7,-67.4,-49.0,TH-LCH,3.2,normal
ACU-000705,2026-04-23 17:00:00,MSCU-5780069,none,0.148,266.6,0.276,6.9,-40.3,-59.2,US-LAX,3.6,normal
ACU-000706,2026-03-11 19:00:00,MSCU-3430254,none,0.059,107.9,0.123,5.8,-68.4,-56.8,SG-SIN,5.7,normal
ACU-000707,2026-03-31 15:00:00,MSCU-7717140,none,0.204,271.1,0.228,20.8,-58.7,-57.9,LK-CMB,5.7,normal
ACU-000708,2026-02-06 14:00:00,MSCU-9063638,seal_broken,0.94,253.4,0.682,193.0,-28.7,-12.9,MY-PTG,6.7,normal
ACU-000709,2026-03-31 06:00:00,MSCU-3427728,none,0.192,198.1,0.097,22.6,-51.8,-52.5,IN-GAU,3.4,warning
ACU-000710,2026-03-05 00:00:00,MSCU-1059145,none,0.295,217.7,0.186,17.2,-69.9,-57.9,ZA-DUR,2.6,critical
ACU-000711,2026-02-20 04:00:00,MSCU-8121127,none,0.275,189.8,0.125,23.4,-69.0,-57.6,IN-PUN,3.5,warning
ACU-000712,2026-03-01 10:00:00,MSCU-3854054,none,0.095,208.4,0.116,15.9,-64.3,-48.6,IN-KND,2.0,normal
ACU-000713,2026-04-11 23:00:00,MSCU-7317053,structural_stress,0.671,757.8,0.681,130.0,-28.4,-30.9,IN-CHN,2.7,normal
ACU-000714,2026-02-28 11:00:00,MSCU-6540015,none,0.236,237.3,0.269,7.9,-49.0,-58.5,IN-KOC,4.3,normal
ACU-000715,2026-03-30 18:00:00,MSCU-4154697,none,0.119,89.4,0.19,9.9,-60.5,-55.3,AE-DXB,4.7,warning
ACU-000716,2026-01-03 10:00:00,MSCU-5748950,none,0.306,186.4,0.264,20.5,-53.7,-62.8,KR-BUS,5.9,warning
ACU-000717,2026-01-22 04:00:00,MSCU-2731407,none,0.255,167.7,0.237,9.6,-45.4,-38.2,KR-BUS,4.1,normal
ACU-000718,2026-01-09 17:00:00,MSCU-9379725,none,0.076,282.0,0.119,22.0,-62.1,-45.1,CN-SHA,4.5,normal
ACU-000719,2026-03-22 05:00:00,MSCU-8403564,none,0.199,139.5,0.217,8.1,-51.6,-55.5,IN-PAR,5.0,normal
ACU-000720,2026-04-12 16:00:00,MSCU-9063638,none,0.206,254.4,0.223,18.4,-40.9,-57.2,IN-HYD,6.6,normal
ACU-000721,2026-01-05 08:00:00,MSCU-4821265,none,0.111,143.4,0.191,10.9,-63.7,-57.6,ZA-DUR,4.1,normal
ACU-000722,2026-03-13 18:00:00,MSCU-5817825,none,0.004,57.2,0.148,11.8,-55.2,-41.3,IN-COK,4.9,normal
ACU-000723,2026-01-30 03:00:00,MSCU-8264610,none,0.197,251.8,0.223,29.6,-63.3,-50.8,IN-MUM,6.8,critical
ACU-000724,2026-01-10 02:00:00,MSCU-7621168,none,0.301,130.0,0.05,27.6,-48.1,-51.1,KR-BUS,7.3,warning
ACU-000725,2026-04-23 20:00:00,MSCU-5519286,refrigeration_failure,0.794,3890.9,0.952,95.9,-25.2,-24.7,SG-SIN,2.6,normal
ACU-000726,2026-02-27 09:00:00,MSCU-9009938,none,0.153,78.5,0.18,8.5,-40.9,-53.6,IN-MUN,6.2,normal
ACU-000727,2026-03-03 20:00:00,MSCU-4821265,none,0.131,286.5,0.148,21.3,-51.8,-64.2,IN-VIZ,4.1,normal
ACU-000728,2026-03-28 13:00:00,MSCU-6540015,none,0.308,168.7,0.295,25.1,-69.8,-54.2,CN-SHA,6.8,warning
ACU-000729,2026-03-02 01:00:00,MSCU-6176201,none,0.084,291.2,0.067,11.4,-67.2,-41.2,MY-PTG,2.1,normal
ACU-000730,2026-02-21 06:00:00,MSCU-7575441,none,0.269,115.7,0.113,27.3,-41.9,-35.4,IN-TUT,5.5,normal
ACU-000731,2026-03-01 15:00:00,MSCU-8403564,none,0.224,140.6,0.242,20.5,-48.8,-55.1,CN-NGB,2.2,normal
ACU-000732,2026-03-14 17:00:00,MSCU-4966023,seal_broken,0.765,1597.7,0.835,74.3,-36.7,-10.3,IN-GAU,3.5,warning
ACU-000733,2026-03-15 04:00:00,MSCU-3466340,none,0.058,105.5,0.135,25.6,-44.0,-42.1,IN-KOL,7.1,critical
ACU-000734,2026-01-25 18:00:00,MSCU-7523748,seal_broken,0.659,3939.4,0.689,96.7,-29.4,-18.0,ZA-DUR,7.6,normal
ACU-000735,2026-02-25 09:00:00,MSCU-7545212,none,0.073,81.3,0.072,10.0,-45.0,-54.3,TH-LCH,5.9,normal
ACU-000736,2026-04-04 03:00:00,MSCU-6994190,none,0.008,251.6,0.08,29.1,-69.8,-37.2,IN-HAZ,6.2,normal
ACU-000737,2026-02-26 18:00:00,MSCU-2501037,none,0.019,224.5,0.229,29.5,-57.0,-36.8,IN-VIZ,7.9,normal
ACU-000738,2026-04-24 01:00:00,MSCU-6540015,none,0.088,88.8,0.237,17.6,-41.6,-53.7,SG-SIN,6.8,normal
ACU-000739,2026-04-15 08:00:00,MSCU-8403564,refrigeration_failure,0.726,2888.4,0.752,116.3,-24.0,-31.7,IN-PAR,3.9,critical
ACU-000740,2026-01-04 17:00:00,MSCU-6699097,none,0.074,277.6,0.09,10.1,-45.7,-41.8,KR-BUS,7.0,normal
ACU-000741,2026-02-02 17:00:00,MSCU-2105627,none,0.293,295.5,0.098,29.0,-45.5,-36.6,IN-GAU,2.9,normal
ACU-000742,2026-03-27 01:00:00,MSCU-4154697,cargo_shift,0.93,782.0,0.685,177.1,-12.8,-11.4,AE-DXB,2.4,normal
ACU-000743,2026-02-23 12:00:00,MSCU-7994562,none,0.085,75.1,0.067,18.9,-60.7,-63.9,IN-KND,6.2,normal
ACU-000744,2026-01-28 08:00:00,MSCU-9481930,none,0.088,66.3,0.182,11.2,-43.9,-57.5,ZA-DUR,3.1,normal
ACU-000745,2026-03-16 16:00:00,MSCU-8264610,none,0.219,169.9,0.218,6.8,-67.7,-58.3,CN-NGB,6.5,critical
ACU-000746,2026-02-17 07:00:00,MSCU-5552172,none,0.243,72.9,0.27,20.5,-50.9,-55.7,US-NYC,4.3,critical
ACU-000747,2026-03-21 23:00:00,MSCU-3427728,refrigeration_failure,0.687,2294.2,0.69,62.5,-24.8,-21.3,IN-BLR,7.5,critical
ACU-000748,2026-02-23 04:00:00,MSCU-4122844,none,0.166,278.0,0.281,25.0,-54.4,-59.4,IN-TUT,3.3,warning
ACU-000749,2026-02-17 09:00:00,MSCU-3854054,refrigeration_failure,0.689,2347.7,0.704,148.2,-15.1,-23.3,IN-PUN,6.1,warning
ACU-000750,2026-01-25 13:00:00,MSCU-4891129,none,0.275,105.7,0.06,22.5,-50.2,-47.7,IN-COK,7.2,normal
ACU-000751,2026-04-10 01:00:00,MSCU-2501037,none,0.032,79.0,0.053,12.0,-61.2,-58.9,IN-KOL,2.2,warning
ACU-000752,2026-02-23 09:00:00,MSCU-3854054,none,0.039,162.2,0.223,15.4,-44.8,-35.8,US-NYC,6.5,critical
ACU-000753,2026-04-24 17:00:00,MSCU-7460311,none,0.347,78.7,0.201,24.5,-54.4,-60.8,SG-SIN,4.0,normal
ACU-000754,2026-01-25 07:00:00,MSCU-2157484,none,0.347,272.1,0.184,6.9,-42.7,-41.2,SG-SIN,7.9,normal
ACU-000755,2026-04-12 10:00:00,MSCU-7101757,none,0.329,85.4,0.177,15.2,-54.1,-59.8,IN-DEL,5.4,critical
ACU-000756,2026-02-05 22:00:00,MSCU-7678047,none,0.059,241.3,0.256,19.1,-41.3,-52.5,IN-HYD,4.0,critical
ACU-000757,2026-03-17 11:00:00,MSCU-2563568,none,0.349,262.9,0.24,19.1,-56.2,-59.7,LK-CMB,7.5,critical
ACU-000758,2026-01-13 08:00:00,MSCU-9303351,none,0.114,138.9,0.291,29.7,-42.5,-53.5,MY-PTG,5.7,normal
ACU-000759,2026-04-26 05:00:00,MSCU-8121127,none,0.072,284.8,0.296,11.8,-47.7,-61.9,CN-SHA,3.7,normal
ACU-000760,2026-04-11 04:00:00,MSCU-6540015,none,0.32,140.4,0.217,23.8,-64.2,-60.3,CN-SZX,7.7,normal
ACU-000761,2026-01-25 02:00:00,MSCU-9009938,none,0.258,63.0,0.208,29.9,-49.9,-45.7,CN-SZX,7.2,normal
ACU-000762,2026-04-03 08:00:00,MSCU-6417341,none,0.152,149.7,0.102,16.8,-66.8,-40.0,IN-BLR,4.2,normal
ACU-000763,2026-01-22 09:00:00,MSCU-6206423,none,0.004,89.0,0.168,8.3,-59.5,-56.9,IN-TUT,6.5,normal
ACU-000764,2026-04-29 04:00:00,MSCU-9903847,none,0.12,50.1,0.117,26.2,-51.7,-41.3,CN-SHA,2.0,normal
ACU-000765,2026-03-13 00:00:00,MSCU-2157484,none,0.075,149.3,0.095,15.9,-58.9,-58.8,IN-HAZ,7.9,normal
ACU-000766,2026-03-09 12:00:00,MSCU-9298985,none,0.115,230.3,0.084,8.2,-61.1,-47.6,IN-VIZ,5.9,critical
ACU-000767,2026-01-15 08:00:00,MSCU-9373326,none,0.223,175.9,0.173,13.3,-68.8,-52.7,IN-MUM,7.3,normal
ACU-000768,2026-04-12 01:00:00,MSCU-7621168,cargo_shift,0.914,2657.9,0.644,189.1,-10.0,-14.5,IN-GAU,4.7,critical
ACU-000769,2026-01-03 12:00:00,MSCU-4966023,none,0.173,167.6,0.207,10.8,-60.0,-60.0,CN-NGB,7.8,normal
ACU-000770,2026-01-16 10:00:00,MSCU-9214772,none,0.047,50.2,0.171,8.8,-47.0,-54.5,CN-SHA,5.1,normal
ACU-000771,2026-03-10 09:00:00,MSCU-9481930,none,0.188,85.1,0.248,14.3,-58.9,-54.4,US-LAX,7.6,normal
ACU-000772,2026-02-23 04:00:00,MSCU-2977069,seal_broken,0.99,3374.0,0.703,144.7,-34.9,-8.4,MY-PTG,4.7,normal
ACU-000773,2026-03-27 05:00:00,MSCU-7678047,structural_stress,0.904,3928.1,0.632,100.8,-26.7,-21.9,CN-SHA,4.6,critical
ACU-000774,2026-02-07 07:00:00,MSCU-7783528,none,0.278,154.7,0.203,17.1,-45.6,-51.9,IN-DEL,6.8,normal
ACU-000775,2026-03-08 23:00:00,MSCU-2105627,none,0.011,167.2,0.247,7.5,-68.3,-48.6,IN-BLR,7.9,normal
ACU-000776,2026-03-30 20:00:00,MSCU-5521644,refrigeration_failure,0.653,1904.1,0.715,104.1,-26.0,-9.4,US-LAX,4.8,normal
ACU-000777,2026-01-13 02:00:00,MSCU-8501515,none,0.076,226.3,0.131,22.8,-59.6,-36.2,IN-TUT,7.6,warning
ACU-000778,2026-04-03 20:00:00,MSCU-7678047,none,0.239,211.6,0.278,24.7,-55.2,-40.7,IN-MUN,5.3,critical
ACU-000779,2026-04-13 02:00:00,MSCU-4122844,none,0.048,146.1,0.258,20.4,-65.6,-39.1,IN-PAR,6.1,normal
ACU-000780,2026-04-13 14:00:00,MSCU-6206423,none,0.346,77.1,0.248,13.9,-49.1,-59.0,IN-PAR,5.4,normal
ACU-000781,2026-03-02 20:00:00,MSCU-5748950,none,0.27,113.6,0.127,18.4,-58.3,-46.1,IN-JNPT,5.0,warning
ACU-000782,2026-03-24 03:00:00,MSCU-9009938,none,0.099,50.8,0.101,22.9,-53.3,-42.9,ZA-DUR,2.7,normal
ACU-000783,2026-01-25 04:00:00,MSCU-8264610,none,0.116,290.5,0.29,25.7,-69.8,-61.3,CN-SZX,3.9,normal
ACU-000784,2026-02-24 22:00:00,MSCU-3633276,none,0.314,257.3,0.259,10.7,-41.8,-46.0,IN-DEL,6.2,normal
ACU-000785,2026-02-16 01:00:00,MSCU-5780069,none,0.249,215.9,0.141,18.7,-51.9,-64.0,CN-SHA,2.1,critical
ACU-000786,2026-03-02 03:00:00,MSCU-6243426,none,0.22,284.4,0.091,17.1,-40.6,-59.1,ZA-DUR,4.2,critical
ACU-000787,2026-04-23 04:00:00,MSCU-2154574,none,0.169,242.7,0.235,22.7,-42.7,-44.7,JP-YOK,8.0,warning
ACU-000788,2026-04-30 16:00:00,MSCU-6417341,seal_broken,0.813,3955.0,0.962,124.4,-38.8,-16.9,IN-HYD,4.5,normal
ACU-000789,2026-04-14 15:00:00,MSCU-7717140,none,0.247,274.9,0.139,29.7,-67.8,-62.0,KR-BUS,3.9,normal
ACU-000790,2026-02-26 08:00:00,MSCU-9373326,none,0.091,147.8,0.136,18.0,-68.9,-59.2,ZA-DUR,7.6,normal
ACU-000791,2026-02-04 13:00:00,MSCU-7523748,none,0.334,243.6,0.155,12.9,-56.1,-43.9,US-NYC,2.6,normal
ACU-000792,2026-01-05 00:00:00,MSCU-1228831,none,0.34,123.8,0.194,7.4,-49.3,-57.9,TH-LCH,6.3,normal
ACU-000793,2026-04-13 15:00:00,MSCU-9379725,none,0.205,109.5,0.156,15.5,-56.2,-61.0,CN-SZX,2.7,normal
ACU-000794,2026-02-11 19:00:00,MSCU-8214394,none,0.101,157.6,0.28,20.8,-40.3,-41.3,CN-SHA,2.8,normal
ACU-000795,2026-02-22 14:00:00,MSCU-6243426,water_ingress,0.982,1213.9,0.683,193.2,-39.7,-33.7,LK-CMB,3.1,warning
ACU-000796,2026-03-15 04:00:00,MSCU-6699097,none,0.321,196.1,0.186,5.8,-40.4,-44.6,IN-KOL,5.9,normal
ACU-000797,2026-03-06 12:00:00,MSCU-1216324,none,0.181,148.9,0.114,25.8,-42.1,-40.7,IN-KOC,3.6,normal
ACU-000798,2026-01-26 02:00:00,MSCU-6417341,none,0.057,192.7,0.255,16.6,-50.7,-57.6,IN-MUN,3.4,normal
ACU-000799,2026-02-19 10:00:00,MSCU-6813611,none,0.259,279.0,0.127,20.0,-60.9,-45.3,CN-NGB,3.0,normal
ACU-000800,2026-02-28 02:00:00,MSCU-7317053,none,0.086,132.7,0.227,21.3,-56.3,-37.6,IN-VIZ,6.2,normal
